pgs_id,name,trait_id,trait_label,trait_reported,variants_number,method_name,publication_id,pubmed_id,ftp_scoring_file,scoring_file
PGS001132,GBE_FH1113,EFO_0000493,family history,Family history of chronic bronchitis/emphysema,1530,snpnet,PGP000244,35324888,https://ftp.ebi.ac.uk/pub/databases/spot/pgs/scores/PGS001132/ScoringFiles/PGS001132.txt.gz,data/pgs/scoring_files/PGS001132.txt.gz
PGS012550,PRS13_IPF,EFO_0000768,idiopathic pulmonary fibrosis,Idiopathic pulmonary fibrosis,13,Genome-wide significant SNPs,PGP000793,38154569,https://ftp.ebi.ac.uk/pub/databases/spot/pgs/scores/PGS012550/ScoringFiles/PGS012550.txt.gz,data/pgs/scoring_files/PGS012550.txt.gz
PGS001252,GBE_BIN_FC3002247,EFO_0001063|MONDO_0005365,deafness|hearing loss disorder,Hearing difficulty and deafness,3731,snpnet,PGP000244,35324888,https://ftp.ebi.ac.uk/pub/databases/spot/pgs/scores/PGS001252/ScoringFiles/PGS001252.txt.gz,data/pgs/scoring_files/PGS001252.txt.gz
PGS005261,benign_nodular_goiter_mixed_pt,EFO_0002751|MONDO_0006869,benign|nodular goiter,Benign nodular goiter,110,Pruning and Thresholding (P+T),PGP000748,,https://ftp.ebi.ac.uk/pub/databases/spot/pgs/scores/PGS005261/ScoringFiles/PGS005261.txt.gz,data/pgs/scoring_files/PGS005261.txt.gz
PGS019547,TPMI_613.7_Lassosum2,EFO_0003765,sign or symptom,Other signs and symptoms in breast,2,Lassosum2,PGP000835,41094136,https://ftp.ebi.ac.uk/pub/databases/spot/pgs/scores/PGS019547/ScoringFiles/PGS019547.txt.gz,data/pgs/scoring_files/PGS019547.txt.gz
PGS001264,GBE_HC166,EFO_0003907,deep vein thrombosis,Deep vein thrombosis,839,snpnet,PGP000244,35324888,https://ftp.ebi.ac.uk/pub/databases/spot/pgs/scores/PGS001264/ScoringFiles/PGS001264.txt.gz,data/pgs/scoring_files/PGS001264.txt.gz
PGS000931,GBE_BIN_FC11006152,EFO_0003907|MONDO_0000831,deep vein thrombosis|thrombotic disease,Blood clot or deep vein thrombosis (diagnosed by doctor),534,snpnet,PGP000244,35324888,https://ftp.ebi.ac.uk/pub/databases/spot/pgs/scores/PGS000931/ScoringFiles/PGS000931.txt.gz,data/pgs/scoring_files/PGS000931.txt.gz
PGS001279,GBE_BIN_FC8006152,EFO_0003907|MONDO_0005279,deep vein thrombosis|pulmonary embolism,previously: Blood clot in the lung,94,snpnet,PGP000244,35324888,https://ftp.ebi.ac.uk/pub/databases/spot/pgs/scores/PGS001279/ScoringFiles/PGS001279.txt.gz,data/pgs/scoring_files/PGS001279.txt.gz
PGS001262,GBE_BIN_FC2006150,EFO_0003913,angina pectoris,Vascular/heart problems diagnosed by doctor Angina,1852,snpnet,PGP000244,35324888,https://ftp.ebi.ac.uk/pub/databases/spot/pgs/scores/PGS001262/ScoringFiles/PGS001262.txt.gz,data/pgs/scoring_files/PGS001262.txt.gz
PGS019747,TPMI_783_Lassosum2,EFO_0003952,fever of unknown origin,Fever of unknown origin,44,Lassosum2,PGP000835,41094136,https://ftp.ebi.ac.uk/pub/databases/spot/pgs/scores/PGS019747/ScoringFiles/PGS019747.txt.gz,data/pgs/scoring_files/PGS019747.txt.gz
PGS002266,PRS_29,EFO_0003959|HP_0000175,cleft lip|Cleft palate,Nonsyndromic cleft lip with or without cleft palate,29,Genome-wide significant variants,PGP000295,35147171,https://ftp.ebi.ac.uk/pub/databases/spot/pgs/scores/PGS002266/ScoringFiles/PGS002266.txt.gz,data/pgs/scoring_files/PGS002266.txt.gz
PGS019801,TPMI_LDL-C_Lassosum2,EFO_0004195,LDL cholesterol,LDL cholesterol,3616,Lassosum2,PGP000835,41094136,https://ftp.ebi.ac.uk/pub/databases/spot/pgs/scores/PGS019801/ScoringFiles/PGS019801.txt.gz,data/pgs/scoring_files/PGS019801.txt.gz
PGS001254,GBE_HC177,EFO_0004229,Dupuytren Contracture,Dupuytren's contracture,11,snpnet,PGP000244,35324888,https://ftp.ebi.ac.uk/pub/databases/spot/pgs/scores/PGS001254/ScoringFiles/PGS001254.txt.gz,data/pgs/scoring_files/PGS001254.txt.gz
PGS019200,TPMI_427.5_Lassosum2,EFO_0004269,cardiac arrhythmia,Arrhythmia cardiac NOS,11,Lassosum2,PGP000835,41094136,https://ftp.ebi.ac.uk/pub/databases/spot/pgs/scores/PGS019200/ScoringFiles/PGS019200.txt.gz,data/pgs/scoring_files/PGS019200.txt.gz
PGS001244,GBE_BIN_FC30001727,EFO_0004279,suntan,Ease of skin tanning (get mildly or occasionally tanned),958,snpnet,PGP000244,35324888,https://ftp.ebi.ac.uk/pub/databases/spot/pgs/scores/PGS001244/ScoringFiles/PGS001244.txt.gz,data/pgs/scoring_files/PGS001244.txt.gz
PGS001806,portability-PLR_187.2,EFO_0004281,testicular neoplasm,Malignant neoplasm of testis,231,Penalized regression (bigstatsr),PGP000263,34995502,https://ftp.ebi.ac.uk/pub/databases/spot/pgs/scores/PGS001806/ScoringFiles/PGS001806.txt.gz,data/pgs/scoring_files/PGS001806.txt.gz
PGS001379,GBE_INI22427,EFO_0004302,anthropometric measurement,Body surface area,850,snpnet,PGP000244,35324888,https://ftp.ebi.ac.uk/pub/databases/spot/pgs/scores/PGS001379/ScoringFiles/PGS001379.txt.gz,data/pgs/scoring_files/PGS001379.txt.gz
PGS000187,rbc,EFO_0004305,erythrocyte count,Red blood cell count,678,Genome-wide significant variants,PGP000078,32888494,https://ftp.ebi.ac.uk/pub/databases/spot/pgs/scores/PGS000187/ScoringFiles/PGS000187.txt.gz,data/pgs/scoring_files/PGS000187.txt.gz
PGS000839,2H_Glucose,EFO_0004307,glucose tolerance test,Two hour glucose during OGTT,219,Genome-wide significant variants,PGP000211,34737425,https://ftp.ebi.ac.uk/pub/databases/spot/pgs/scores/PGS000839/ScoringFiles/PGS000839.txt.gz,data/pgs/scoring_files/PGS000839.txt.gz
PGS000186,plt,EFO_0004309,platelet count,Platelet count,739,Genome-wide significant variants,PGP000078,32888494,https://ftp.ebi.ac.uk/pub/databases/spot/pgs/scores/PGS000186/ScoringFiles/PGS000186.txt.gz,data/pgs/scoring_files/PGS000186.txt.gz
PGS005251,iPRS,EFO_0004309|EFO_0004458|EFO_0008447|OBA_VT0000217,platelet count|C-reactive protein measurement|neutrophil-to-lymphocyte ratio|leukocyte quantity,INFLA-Score,1113,PRSice-2,PGP000744,40956996,https://ftp.ebi.ac.uk/pub/databases/spot/pgs/scores/PGS005251/ScoringFiles/PGS005251.txt.gz,data/pgs/scoring_files/PGS005251.txt.gz
PGS002595,lung_FVCzSMOKE.P+T.5e-08,EFO_0004312,vital capacity,Forced vital capacity,1235,Pruning and Thresholding (P+T),PGP000332,35393596,https://ftp.ebi.ac.uk/pub/databases/spot/pgs/scores/PGS002595/ScoringFiles/PGS002595.txt.gz,data/pgs/scoring_files/PGS002595.txt.gz
PGS001374,GBE_INI2897,EFO_0004319,smoking cessation,Age stopped smoking,663,snpnet,PGP000244,35324888,https://ftp.ebi.ac.uk/pub/databases/spot/pgs/scores/PGS001374/ScoringFiles/PGS001374.txt.gz,data/pgs/scoring_files/PGS001374.txt.gz
PGS019953,PRS10_AD,EFO_0004329,alcohol drinking,Alcohol metabolism,10,Genome wide significant variants,PGP000841,38697272,https://ftp.ebi.ac.uk/pub/databases/spot/pgs/scores/PGS019953/ScoringFiles/PGS019953.txt.gz,data/pgs/scoring_files/PGS019953.txt.gz
PGS001006,GBE_BIN_FC1002306,EFO_0004338|EFO_0009799,body weight|self-reported trait,Weight change compared with 1 year ago,2638,snpnet,PGP000244,35324888,https://ftp.ebi.ac.uk/pub/databases/spot/pgs/scores/PGS001006/ScoringFiles/PGS001006.txt.gz,data/pgs/scoring_files/PGS001006.txt.gz
PGS002751,GRSrare,EFO_0004340,body mass index,Body mass index (BMI),14,Genome-wide significant SNPs,PGP000363,35879615,https://ftp.ebi.ac.uk/pub/databases/spot/pgs/scores/PGS002751/ScoringFiles/PGS002751.txt.gz,data/pgs/scoring_files/PGS002751.txt.gz
PGS000716,PGS295_elbs,EFO_0004340|EFO_0009819,body mass index|comparative body size at age 10,Early life body size,295,Genome-wide significant variants,PGP000132,32376654,https://ftp.ebi.ac.uk/pub/databases/spot/pgs/scores/PGS000716/ScoringFiles/PGS000716.txt.gz,data/pgs/scoring_files/PGS000716.txt.gz
PGS000830,BMI_PGS_F,EFO_0004340|PATO_0000383,body mass index|female,Body mass index (BMI) (female),372,Pruning of FDR filtered SNPs,PGP000210,31048771,https://ftp.ebi.ac.uk/pub/databases/spot/pgs/scores/PGS000830/ScoringFiles/PGS000830.txt.gz,data/pgs/scoring_files/PGS000830.txt.gz
PGS000829,BMI_PGS_M,EFO_0004340|PATO_0000384,body mass index|male,Body mass index (BMI) (male),290,Pruning of FDR filtered SNPs,PGP000210,31048771,https://ftp.ebi.ac.uk/pub/databases/spot/pgs/scores/PGS000829/ScoringFiles/PGS000829.txt.gz,data/pgs/scoring_files/PGS000829.txt.gz
PGS005316,BFM_PRS,EFO_0004341,body fat distribution,Body fat mass,403,Genome-wide significant SNPs,PGP000766,38632276,https://ftp.ebi.ac.uk/pub/databases/spot/pgs/scores/PGS005316/ScoringFiles/PGS005316.txt.gz,data/pgs/scoring_files/PGS005316.txt.gz
PGS000842,WHR,EFO_0004343,waist-hip ratio,Waist-hip ratio,39,Genome-wide significant variants,PGP000211,34737425,https://ftp.ebi.ac.uk/pub/databases/spot/pgs/scores/PGS000842/ScoringFiles/PGS000842.txt.gz,data/pgs/scoring_files/PGS000842.txt.gz
PGS001226,GBE_INI20022,EFO_0004344,birth weight,Birth weight,6278,snpnet,PGP000244,35324888,https://ftp.ebi.ac.uk/pub/databases/spot/pgs/scores/PGS001226/ScoringFiles/PGS001226.txt.gz,data/pgs/scoring_files/PGS001226.txt.gz
PGS001513,GBE_INI25027,EFO_0004346,neuroimaging measurement,Median T2star in thalamus (R),114,snpnet,PGP000244,35324888,https://ftp.ebi.ac.uk/pub/databases/spot/pgs/scores/PGS001513/ScoringFiles/PGS001513.txt.gz,data/pgs/scoring_files/PGS001513.txt.gz
PGS001542,GBE_INI25013,EFO_0004346|EFO_0004830,neuroimaging measurement|caudate nucleus volume,Volume of caudate (L),1055,snpnet,PGP000244,35324888,https://ftp.ebi.ac.uk/pub/databases/spot/pgs/scores/PGS001542/ScoringFiles/PGS001542.txt.gz,data/pgs/scoring_files/PGS001542.txt.gz
PGS001630,GBE_INI25019,EFO_0004346|EFO_0005035,neuroimaging measurement|hippocampal volume,Volume of hippocampus (L),442,snpnet,PGP000244,35324888,https://ftp.ebi.ac.uk/pub/databases/spot/pgs/scores/PGS001630/ScoringFiles/PGS001630.txt.gz,data/pgs/scoring_files/PGS001630.txt.gz
PGS001546,GBE_INI25888,EFO_0004346|EFO_0005420,neuroimaging measurement|grey matter volume measurement,Volume of grey matter in Amygdala (L),115,snpnet,PGP000244,35324888,https://ftp.ebi.ac.uk/pub/databases/spot/pgs/scores/PGS001546/ScoringFiles/PGS001546.txt.gz,data/pgs/scoring_files/PGS001546.txt.gz
PGS001540,GBE_INI25010,EFO_0004346|EFO_0005420|EFO_0008320,neuroimaging measurement|grey matter volume measurement|white matter volume measurement,"Volume of brain, grey+white matter",1871,snpnet,PGP000244,35324888,https://ftp.ebi.ac.uk/pub/databases/spot/pgs/scores/PGS001540/ScoringFiles/PGS001540.txt.gz,data/pgs/scoring_files/PGS001540.txt.gz
PGS001534,GBE_INI25781,EFO_0004346|EFO_0005665,neuroimaging measurement|white matter hyperintensity measurement,Total Volume of white matter hyperintensities (from T1 and T2 FLAIR images),355,snpnet,PGP000244,35324888,https://ftp.ebi.ac.uk/pub/databases/spot/pgs/scores/PGS001534/ScoringFiles/PGS001534.txt.gz,data/pgs/scoring_files/PGS001534.txt.gz
PGS001598,GBE_INI25787,EFO_0004346|EFO_0006516,neuroimaging measurement|superior frontal gyrus grey matter volume measurement,Volume of grey matter in Superior Frontal Gyrus (R),5,snpnet,PGP000244,35324888,https://ftp.ebi.ac.uk/pub/databases/spot/pgs/scores/PGS001598/ScoringFiles/PGS001598.txt.gz,data/pgs/scoring_files/PGS001598.txt.gz
PGS001637,GBE_INI25011,EFO_0004346|EFO_0006935,neuroimaging measurement|thalamus volume,Volume of thalamus (L),1328,snpnet,PGP000244,35324888,https://ftp.ebi.ac.uk/pub/databases/spot/pgs/scores/PGS001637/ScoringFiles/PGS001637.txt.gz,data/pgs/scoring_files/PGS001637.txt.gz
PGS001641,GBE_INI25007,EFO_0004346|EFO_0008320,neuroimaging measurement|white matter volume measurement,Volume of white matter (normalised for head size),1005,snpnet,PGP000244,35324888,https://ftp.ebi.ac.uk/pub/databases/spot/pgs/scores/PGS001641/ScoringFiles/PGS001641.txt.gz,data/pgs/scoring_files/PGS001641.txt.gz
PGS001766,GBE_INI25685,EFO_0004346|OBA_2050009,neuroimaging measurement|brain volume,WA OD in tract corticospinal tract (L),1,snpnet,PGP000244,35324888,https://ftp.ebi.ac.uk/pub/databases/spot/pgs/scores/PGS001766/ScoringFiles/PGS001766.txt.gz,data/pgs/scoring_files/PGS001766.txt.gz
PGS001635,GBE_INI25015,EFO_0004346|OBA_2050016,neuroimaging measurement|putamen volume,Volume of putamen (L),747,snpnet,PGP000244,35324888,https://ftp.ebi.ac.uk/pub/databases/spot/pgs/scores/PGS001635/ScoringFiles/PGS001635.txt.gz,data/pgs/scoring_files/PGS001635.txt.gz
PGS001538,GBE_INI25024,EFO_0004346|OBA_2050020,neuroimaging measurement|nucleus accumbens volume,Volume of accumbens (R),643,snpnet,PGP000244,35324888,https://ftp.ebi.ac.uk/pub/databases/spot/pgs/scores/PGS001538/ScoringFiles/PGS001538.txt.gz,data/pgs/scoring_files/PGS001538.txt.gz
PGS001539,GBE_INI25025,EFO_0004346|OBA_2050021|OBA_2050047,neuroimaging measurement|brain stem volume|fourth ventricle volume,Volume of brain stem + 4th ventricle,1183,snpnet,PGP000244,35324888,https://ftp.ebi.ac.uk/pub/databases/spot/pgs/scores/PGS001539/ScoringFiles/PGS001539.txt.gz,data/pgs/scoring_files/PGS001539.txt.gz
PGS001632,GBE_INI25018,EFO_0004346|OBA_2050027,neuroimaging measurement|pallidum volume,Volume of pallidum (R),303,snpnet,PGP000244,35324888,https://ftp.ebi.ac.uk/pub/databases/spot/pgs/scores/PGS001632/ScoringFiles/PGS001632.txt.gz,data/pgs/scoring_files/PGS001632.txt.gz
PGS001639,GBE_INI25004,EFO_0004346|OBA_VT0000254,neuroimaging measurement|cerebrospinal fluid amount,Volume of ventricular cerebrospinal fluid,772,snpnet,PGP000244,35324888,https://ftp.ebi.ac.uk/pub/databases/spot/pgs/scores/PGS001639/ScoringFiles/PGS001639.txt.gz,data/pgs/scoring_files/PGS001639.txt.gz
PGS000167,hct,EFO_0004348,hematocrit,Hematocrit,502,Genome-wide significant variants,PGP000078,32888494,https://ftp.ebi.ac.uk/pub/databases/spot/pgs/scores/PGS000167/ScoringFiles/PGS000167.txt.gz,data/pgs/scoring_files/PGS000167.txt.gz
PGS002880,ExPRSweb_CRP_28887542-GCST004941_PT_UKB_20211120,EFO_0004458,C-reactive protein measurement,C-reactive protein,2,Pruning and Thresholding (P+T),PGP000393,36152628,https://ftp.ebi.ac.uk/pub/databases/spot/pgs/scores/PGS002880/ScoringFiles/PGS002880.txt.gz,data/pgs/scoring_files/PGS002880.txt.gz
PGS000735,PRS_PR,EFO_0004462,PR interval,PR interval,44,Genome-wide significant variants,PGP000144,31504448,https://ftp.ebi.ac.uk/pub/databases/spot/pgs/scores/PGS000735/ScoringFiles/PGS000735.txt.gz,data/pgs/scoring_files/PGS000735.txt.gz
PGS002596,biochemistry_Glucose.P+T.5e-08,EFO_0004468,glucose measurement,Glucose,482,Pruning and Thresholding (P+T),PGP000332,35393596,https://ftp.ebi.ac.uk/pub/databases/spot/pgs/scores/PGS002596/ScoringFiles/PGS002596.txt.gz,data/pgs/scoring_files/PGS002596.txt.gz
PGS000837,ISI,EFO_0004471,insulin sensitivity measurement,Insulin sensitivity index,219,Genome-wide significant variants,PGP000211,34737425,https://ftp.ebi.ac.uk/pub/databases/spot/pgs/scores/PGS000837/ScoringFiles/PGS000837.txt.gz,data/pgs/scoring_files/PGS000837.txt.gz
PGS005392,Q-PGS4_r0.2_p5e4,EFO_0004501,HOMA-IR,HOMA2-IR,1414,P + T,PGP000777,38938516,https://ftp.ebi.ac.uk/pub/databases/spot/pgs/scores/PGS005392/ScoringFiles/PGS005392.txt.gz,data/pgs/scoring_files/PGS005392.txt.gz
PGS000168,hgb,EFO_0004509,hemoglobin measurement,Hemoglobin concentration,515,Genome-wide significant variants,PGP000078,32888494,https://ftp.ebi.ac.uk/pub/databases/spot/pgs/scores/PGS000168/ScoringFiles/PGS000168.txt.gz,data/pgs/scoring_files/PGS000168.txt.gz
PGS000955,GBE_INI4120,EFO_0004514,bone quantitative ultrasound measurement,Right heel broadband ultrasound attenuation,7069,snpnet,PGP000244,35324888,https://ftp.ebi.ac.uk/pub/databases/spot/pgs/scores/PGS000955/ScoringFiles/PGS000955.txt.gz,data/pgs/scoring_files/PGS000955.txt.gz
PGS001519,GBE_INI4199,EFO_0004517,arterial stiffness measurement,Position of pulse wave notch,693,snpnet,PGP000244,35324888,https://ftp.ebi.ac.uk/pub/databases/spot/pgs/scores/PGS001519/ScoringFiles/PGS001519.txt.gz,data/pgs/scoring_files/PGS001519.txt.gz
PGS000174,mch,EFO_0004527,mean corpuscular hemoglobin,Mean corpuscular hemoglobin,628,Genome-wide significant variants,PGP000078,32888494,https://ftp.ebi.ac.uk/pub/databases/spot/pgs/scores/PGS000174/ScoringFiles/PGS000174.txt.gz,data/pgs/scoring_files/PGS000174.txt.gz
PGS000175,mchc,EFO_0004528,mean corpuscular hemoglobin concentration,Mean corpuscular hemoglobin concentration,224,Genome-wide significant variants,PGP000078,32888494,https://ftp.ebi.ac.uk/pub/databases/spot/pgs/scores/PGS000175/ScoringFiles/PGS000175.txt.gz,data/pgs/scoring_files/PGS000175.txt.gz
PGS000063,GRS_TG,EFO_0004530,triglyceride measurement,Triglycerides,32,Genome-wide significant variants,PGP000045,25951326,https://ftp.ebi.ac.uk/pub/databases/spot/pgs/scores/PGS000063/ScoringFiles/PGS000063.txt.gz,data/pgs/scoring_files/PGS000063.txt.gz
PGS000126,Urate_GRS,EFO_0004531,urate measurement,Serum urate,114,Genome-wide significant variants,PGP000063,31578528,https://ftp.ebi.ac.uk/pub/databases/spot/pgs/scores/PGS000126/ScoringFiles/PGS000126.txt.gz,data/pgs/scoring_files/PGS000126.txt.gz
PGS003344,CVGRS_GGT,EFO_0004532,serum gamma-glutamyl transferase measurement,Gamma-glutamyl transferase,82,Genome-wide significant SNPs,PGP000405,36333282,https://ftp.ebi.ac.uk/pub/databases/spot/pgs/scores/PGS003344/ScoringFiles/PGS003344.txt.gz,data/pgs/scoring_files/PGS003344.txt.gz
PGS000815,GRS290_ALP,EFO_0004533,alkaline phosphatase measurement,Alkaline phosphatase,290,Variants associated with alkaline phosphatase levels.,PGP000201,33972514,https://ftp.ebi.ac.uk/pub/databases/spot/pgs/scores/PGS000815/ScoringFiles/PGS000815.txt.gz,data/pgs/scoring_files/PGS000815.txt.gz
PGS019959,GRS14_HbA1c,EFO_0004541,HbA1c measurement,HbA1c,14,Genome-wide significant SNPs,PGP000848,39042486,https://ftp.ebi.ac.uk/pub/databases/spot/pgs/scores/PGS019959/ScoringFiles/PGS019959.txt.gz,data/pgs/scoring_files/PGS019959.txt.gz
PGS000697,snpnet.Total_bilirubin,EFO_0004570,bilirubin measurement,Total bilirubin [umol/L],1159,snpnet,PGP000128,33462484,https://ftp.ebi.ac.uk/pub/databases/spot/pgs/scores/PGS000697/ScoringFiles/PGS000697.txt.gz,data/pgs/scoring_files/PGS000697.txt.gz
PGS003830,TC_SAS_CT,EFO_0004574,total cholesterol measurement,Total cholesterol,32,Clumping and Thresholding (C+T),PGP000489,37749244,https://ftp.ebi.ac.uk/pub/databases/spot/pgs/scores/PGS003830/ScoringFiles/PGS003830.txt.gz,data/pgs/scoring_files/PGS003830.txt.gz
PGS000172,lymph,EFO_0004587,lymphocyte count,Lymphocyte count,621,Genome-wide significant variants,PGP000078,32888494,https://ftp.ebi.ac.uk/pub/databases/spot/pgs/scores/PGS000172/ScoringFiles/PGS000172.txt.gz,data/pgs/scoring_files/PGS000172.txt.gz
PGS005249,PGS5_QBB_6SNP,EFO_0004611,low density lipoprotein cholesterol measurement,LDL-C levels,6,P + T,PGP000743,39909172,https://ftp.ebi.ac.uk/pub/databases/spot/pgs/scores/PGS005249/ScoringFiles/PGS005249.txt.gz,data/pgs/scoring_files/PGS005249.txt.gz
PGS000192,GS9,EFO_0004611|EFO_0004612,low density lipoprotein cholesterol measurement|high density lipoprotein cholesterol measurement,Cholesterol,9,Curated variant associations,PGP000079,18354102,https://ftp.ebi.ac.uk/pub/databases/spot/pgs/scores/PGS000192/ScoringFiles/PGS000192.txt.gz,data/pgs/scoring_files/PGS000192.txt.gz
PGS002730,GRSlipid_35,EFO_0004611|GO_0036273,low density lipoprotein cholesterol measurement|response to statin,LDL lowering in response to statin,35,Genome-wide significant variants,PGP000337,35598204,https://ftp.ebi.ac.uk/pub/databases/spot/pgs/scores/PGS002730/ScoringFiles/PGS002730.txt.gz,data/pgs/scoring_files/PGS002730.txt.gz
PGS000060,GRS_HDL,EFO_0004612,high density lipoprotein cholesterol measurement,HDL cholesterol,46,Genome-wide significant variants,PGP000045,25951326,https://ftp.ebi.ac.uk/pub/databases/spot/pgs/scores/PGS000060/ScoringFiles/PGS000060.txt.gz,data/pgs/scoring_files/PGS000060.txt.gz
PGS003280,ExPRSweb_CysC_30720-irnt_PT_MGI_20211120,EFO_0004617,cystatin C measurement,Cystatin C,346,Pruning and Thresholding (P+T),PGP000393,36152628,https://ftp.ebi.ac.uk/pub/databases/spot/pgs/scores/PGS003280/ScoringFiles/PGS003280.txt.gz,data/pgs/scoring_files/PGS003280.txt.gz
PGS003315,ExPRSweb_CysC_eGFRcys-overall-IV-2GC_PT_UKB_20211120,EFO_0004617|OBA_0003747,cystatin C measurement|glomerular filtration rate,Estimated glomerular filtration rate (Cystatin C),2,Pruning and Thresholding (P+T),PGP000393,36152628,https://ftp.ebi.ac.uk/pub/databases/spot/pgs/scores/PGS003315/ScoringFiles/PGS003315.txt.gz,data/pgs/scoring_files/PGS003315.txt.gz
PGS003165,ExPRSweb_VitB12_Wood-et-al-2013-1000G_PT_MGI_20211120,EFO_0004620,vitamin B12 measurement,Vitamin B12,9,Pruning and Thresholding (P+T),PGP000393,36152628,https://ftp.ebi.ac.uk/pub/databases/spot/pgs/scores/PGS003165/ScoringFiles/PGS003165.txt.gz,data/pgs/scoring_files/PGS003165.txt.gz
PGS003330,PRS-F8,EFO_0004630,factor VIII measurement,Factor VIII levels,10,Genome-wide significant SNPs,PGP000395,36313186,https://ftp.ebi.ac.uk/pub/databases/spot/pgs/scores/PGS003330/ScoringFiles/PGS003330.txt.gz,data/pgs/scoring_files/PGS003330.txt.gz
PGS003762,PRS57_amyloid,EFO_0004670,beta-amyloid 1-42 measurement,Amyloid beta 42,57,Genome-wide significant SNPs,PGP000485,36895094,https://ftp.ebi.ac.uk/pub/databases/spot/pgs/scores/PGS003762/ScoringFiles/PGS003762.txt.gz,data/pgs/scoring_files/PGS003762.txt.gz
PGS000768,PRS_QT,EFO_0004682,QT interval,QT-interval,68,Genome-wide significant variants,PGP000175,32429735,https://ftp.ebi.ac.uk/pub/databases/spot/pgs/scores/PGS000768/ScoringFiles/PGS000768.txt.gz,data/pgs/scoring_files/PGS000768.txt.gz
PGS003413,rvPRS_IOP,EFO_0004695,intraocular pressure measurement,Intraocular pressure,25,Genome-wide significant rare SNPs,PGP000426,36450729,https://ftp.ebi.ac.uk/pub/databases/spot/pgs/scores/PGS003413/ScoringFiles/PGS003413.txt.gz,data/pgs/scoring_files/PGS003413.txt.gz
PGS002920,ExPRSweb_Estradiol_30800-raw_PT_MGI_20211120,EFO_0004697,estradiol measurement,Estradiol,4,Pruning and Thresholding (P+T),PGP000393,36152628,https://ftp.ebi.ac.uk/pub/databases/spot/pgs/scores/PGS002920/ScoringFiles/PGS002920.txt.gz,data/pgs/scoring_files/PGS002920.txt.gz
PGS002578,repro_MENARCHE_AGE.P+T.5e-08,EFO_0004703,age at menarche,Age at menarche,891,Pruning and Thresholding (P+T),PGP000332,35393596,https://ftp.ebi.ac.uk/pub/databases/spot/pgs/scores/PGS002578/ScoringFiles/PGS002578.txt.gz,data/pgs/scoring_files/PGS002578.txt.gz
PGS002821,ExPRSweb_AgeAtMenopause_ieu-a-1004_PT_UKB_20211120,EFO_0004704,age at menopause,Age at menopause,159,Pruning and Thresholding (P+T),PGP000393,36152628,https://ftp.ebi.ac.uk/pub/databases/spot/pgs/scores/PGS002821/ScoringFiles/PGS002821.txt.gz,data/pgs/scoring_files/PGS002821.txt.gz
PGS000210,LF279,EFO_0004713,FEV/FVC ratio,Lung function (FEV1/FVC),279,Genome-wide significant variants,PGP000086,30804560,https://ftp.ebi.ac.uk/pub/databases/spot/pgs/scores/PGS000210/ScoringFiles/PGS000210.txt.gz,data/pgs/scoring_files/PGS000210.txt.gz
PGS005096,CAC_GRS,EFO_0004723,coronary artery calcification,Coronary artery calcification,11,Genome-wide significant SNPs,PGP000689,39483246,https://ftp.ebi.ac.uk/pub/databases/spot/pgs/scores/PGS005096/ScoringFiles/PGS005096.txt.gz,data/pgs/scoring_files/PGS005096.txt.gz
PGS001358,GBE_INI5116,EFO_0004731,eye measurement,3mm cylindrical power (R),148,snpnet,PGP000244,35324888,https://ftp.ebi.ac.uk/pub/databases/spot/pgs/scores/PGS001358/ScoringFiles/PGS001358.txt.gz,data/pgs/scoring_files/PGS001358.txt.gz
PGS003343,CVGRS_AST,EFO_0004736,aspartate aminotransferase measurement,Aspartate aminotransferase level,54,Genome-wide significant SNPs,PGP000405,36333282,https://ftp.ebi.ac.uk/pub/databases/spot/pgs/scores/PGS003343/ScoringFiles/PGS003343.txt.gz,data/pgs/scoring_files/PGS003343.txt.gz
PGS002290,GRS10_PUA,EFO_0004761,uric acid measurement,Uric acid level,10,Genome-wide significant variants,PGP000318,35363857,https://ftp.ebi.ac.uk/pub/databases/spot/pgs/scores/PGS002290/ScoringFiles/PGS002290.txt.gz,data/pgs/scoring_files/PGS002290.txt.gz
PGS001907,portability-PLR_ECG_RR_interval,EFO_0004831,RR interval,RR interval,1964,Penalized regression (bigstatsr),PGP000263,34995502,https://ftp.ebi.ac.uk/pub/databases/spot/pgs/scores/PGS001907/ScoringFiles/PGS001907.txt.gz,data/pgs/scoring_files/PGS001907.txt.gz
PGS000182,neut,EFO_0004833,neutrophil count,Neutrophil count,492,Genome-wide significant variants,PGP000078,32888494,https://ftp.ebi.ac.uk/pub/databases/spot/pgs/scores/PGS000182/ScoringFiles/PGS000182.txt.gz,data/pgs/scoring_files/PGS000182.txt.gz
PGS000165,eo,EFO_0004842,eosinophil count,Eosinophil count,607,Genome-wide significant variants,PGP000078,32888494,https://ftp.ebi.ac.uk/pub/databases/spot/pgs/scores/PGS000165/ScoringFiles/PGS000165.txt.gz,data/pgs/scoring_files/PGS000165.txt.gz
PGS000321,snpnet_Testosterone_combined,EFO_0004908,testosterone measurement,Serum testosterone levels,7319,snpnet,PGP000097,32873964,https://ftp.ebi.ac.uk/pub/databases/spot/pgs/scores/PGS000321/ScoringFiles/PGS000321.txt.gz,data/pgs/scoring_files/PGS000321.txt.gz
PGS000322,snpnet_Testosterone_female-specific,EFO_0004908|PATO_0000383,testosterone measurement|female,Serum testosterone levels in females,7168,snpnet,PGP000097,32873964,https://ftp.ebi.ac.uk/pub/databases/spot/pgs/scores/PGS000322/ScoringFiles/PGS000322.txt.gz,data/pgs/scoring_files/PGS000322.txt.gz
PGS001988,portability-PLR_M_log_testosterone,EFO_0004908|PATO_0000384,testosterone measurement|male,Testosterone (male only),3985,Penalized regression (bigstatsr),PGP000263,34995502,https://ftp.ebi.ac.uk/pub/databases/spot/pgs/scores/PGS001988/ScoringFiles/PGS001988.txt.gz,data/pgs/scoring_files/PGS001988.txt.gz
PGS000935,GBE_INI2966,EFO_0004918|HP_0032263,age at diagnosis|Increased blood pressure,"High blood pressure, age at diagnosis",370,snpnet,PGP000244,35324888,https://ftp.ebi.ac.uk/pub/databases/spot/pgs/scores/PGS000935/ScoringFiles/PGS000935.txt.gz,data/pgs/scoring_files/PGS000935.txt.gz
PGS001371,GBE_INI2976,EFO_0004918|MONDO_0005015,age at diagnosis|diabetes mellitus,Age diabetes diagnosed,26,snpnet,PGP000244,35324888,https://ftp.ebi.ac.uk/pub/databases/spot/pgs/scores/PGS001371/ScoringFiles/PGS001371.txt.gz,data/pgs/scoring_files/PGS001371.txt.gz
PGS005315,ALM_PRS,EFO_0004995,lean body mass,Appendicular lean mass,630,Genome-wide significant SNPs,PGP000766,38632276,https://ftp.ebi.ac.uk/pub/databases/spot/pgs/scores/PGS005315/ScoringFiles/PGS005315.txt.gz,data/pgs/scoring_files/PGS005315.txt.gz
PGS003665,L_hippocampal_body_UKBB_EUR_GWAS,EFO_0005035,hippocampal volume,Left hippocampal body volume,164,PRSice,PGP000464,37337106,https://ftp.ebi.ac.uk/pub/databases/spot/pgs/scores/PGS003665/ScoringFiles/PGS003665.txt.gz,data/pgs/scoring_files/PGS003665.txt.gz
PGS000318,cPRS_F,EFO_0005056|PATO_0000383,age at death|female,All-cause mortality (female),4122,Composite PRS (component scores combined by log(HR)),PGP000095,32758451,https://ftp.ebi.ac.uk/pub/databases/spot/pgs/scores/PGS000318/ScoringFiles/PGS000318.txt.gz,data/pgs/scoring_files/PGS000318.txt.gz
PGS000319,cPRS_M,EFO_0005056|PATO_0000384,age at death|male,All-cause mortality (male),4092,Composite PRS (component scores combined by log(HR)),PGP000095,32758451,https://ftp.ebi.ac.uk/pub/databases/spot/pgs/scores/PGS000319/ScoringFiles/PGS000319.txt.gz,data/pgs/scoring_files/PGS000319.txt.gz
PGS000163,baso,EFO_0005090,basophil count,Basophil count,185,Genome-wide significant variants,PGP000078,32888494,https://ftp.ebi.ac.uk/pub/databases/spot/pgs/scores/PGS000163/ScoringFiles/PGS000163.txt.gz,data/pgs/scoring_files/PGS000163.txt.gz
PGS000177,mono,EFO_0005091,monocyte count,Monocyte count,638,Genome-wide significant variants,PGP000078,32888494,https://ftp.ebi.ac.uk/pub/databases/spot/pgs/scores/PGS000177/ScoringFiles/PGS000177.txt.gz,data/pgs/scoring_files/PGS000177.txt.gz
PGS001902,portability-PLR_ECG_P_duration,EFO_0005094,P wave duration,P duration,640,Penalized regression (bigstatsr),PGP000263,34995502,https://ftp.ebi.ac.uk/pub/databases/spot/pgs/scores/PGS001902/ScoringFiles/PGS001902.txt.gz,data/pgs/scoring_files/PGS001902.txt.gz
PGS000695,snpnet.Sodium_in_urine,EFO_0005116|EFO_0009282,urinary metabolite measurement|sodium measurement,Sodium in urine [mmol/L],5833,snpnet,PGP000128,33462484,https://ftp.ebi.ac.uk/pub/databases/spot/pgs/scores/PGS000695/ScoringFiles/PGS000695.txt.gz,data/pgs/scoring_files/PGS000695.txt.gz
PGS019768,TPMI_795.8_Lassosum2,EFO_0005127,cancer biomarker measurement,Abnormal tumor markers,141,Lassosum2,PGP000835,41094136,https://ftp.ebi.ac.uk/pub/databases/spot/pgs/scores/PGS019768/ScoringFiles/PGS019768.txt.gz,data/pgs/scoring_files/PGS019768.txt.gz
PGS019955,PRS1308_AR,EFO_0005199,renal transplant outcome measurement,Acute rejection after kidney transplantation,1308,clumping,PGP000845,38820342,https://ftp.ebi.ac.uk/pub/databases/spot/pgs/scores/PGS019955/ScoringFiles/PGS019955.txt.gz,data/pgs/scoring_files/PGS019955.txt.gz
PGS002267,PRS89_AA,EFO_0005278|EFO_0020865,cardiovascular disease biomarker measurement|aortic measurement,Ascending thoracic aortic diameter,89,Genome-wide significant variants,PGP000296,34837083,https://ftp.ebi.ac.uk/pub/databases/spot/pgs/scores/PGS002267/ScoringFiles/PGS002267.txt.gz,data/pgs/scoring_files/PGS002267.txt.gz
PGS001143,GBE_INI25867,EFO_0005420,grey matter volume measurement,Volume of grey matter in Parietal Operculum Cortex (R),699,snpnet,PGP000244,35324888,https://ftp.ebi.ac.uk/pub/databases/spot/pgs/scores/PGS001143/ScoringFiles/PGS001143.txt.gz,data/pgs/scoring_files/PGS001143.txt.gz
PGS001141,GBE_BIN_FC10001757,EFO_0005422,skin aging,Facial ageing (looking younger than you are),7676,snpnet,PGP000244,35324888,https://ftp.ebi.ac.uk/pub/databases/spot/pgs/scores/PGS001141/ScoringFiles/PGS001141.txt.gz,data/pgs/scoring_files/PGS001141.txt.gz
PGS001337,GBE_FH1002,EFO_0005606,family history of breast cancer,Family history of breast cancer,195,snpnet,PGP000244,35324888,https://ftp.ebi.ac.uk/pub/databases/spot/pgs/scores/PGS001337/ScoringFiles/PGS001337.txt.gz,data/pgs/scoring_files/PGS001337.txt.gz
PGS003747,GRS341_SI,EFO_0005670,smoking initiation,Smoking initiation,341,Genome-wide significant SNPs,PGP000471,36786746,https://ftp.ebi.ac.uk/pub/databases/spot/pgs/scores/PGS003747/ScoringFiles/PGS003747.txt.gz,data/pgs/scoring_files/PGS003747.txt.gz
PGS001138,GBE_BIN10030820,EFO_0005767,rheumatoid factor measurement,Rheumatoid factor [> 16 IU/mL],456,snpnet,PGP000244,35324888,https://ftp.ebi.ac.uk/pub/databases/spot/pgs/scores/PGS001138/ScoringFiles/PGS001138.txt.gz,data/pgs/scoring_files/PGS001138.txt.gz
PGS012514,SBP,EFO_0006335,systolic blood pressure,Systolic blood pressure,107,Pruning and Thresholding (P+T),PGP000786,42062286,https://ftp.ebi.ac.uk/pub/databases/spot/pgs/scores/PGS012514/ScoringFiles/PGS012514.txt.gz,data/pgs/scoring_files/PGS012514.txt.gz
PGS012515,DBP,EFO_0006336,diastolic blood pressure,Diastolic blood pressure,98,Pruning and Thresholding (P+T),PGP000786,42062286,https://ftp.ebi.ac.uk/pub/databases/spot/pgs/scores/PGS012515/ScoringFiles/PGS012515.txt.gz,data/pgs/scoring_files/PGS012515.txt.gz
PGS001515,GBE_INI3456,EFO_0006525,cigarettes per day measurement,Number of cigarettes currently smoked daily (current cigarette smokers),9,snpnet,PGP000244,35324888,https://ftp.ebi.ac.uk/pub/databases/spot/pgs/scores/PGS001515/ScoringFiles/PGS001515.txt.gz,data/pgs/scoring_files/PGS001515.txt.gz
PGS002616,cov_SMOKING_STATUS.P+T.5e-08,EFO_0006527,smoking status measurement,Smoking status,201,Pruning and Thresholding (P+T),PGP000332,35393596,https://ftp.ebi.ac.uk/pub/databases/spot/pgs/scores/PGS002616/ScoringFiles/PGS002616.txt.gz,data/pgs/scoring_files/PGS002616.txt.gz
PGS004164,PRS16_LC,EFO_0006527|MONDO_0005138,smoking status measurement|lung carcinoma,Lung cancer in never smokers,16,Genome-wide significant SNPs,PGP000518,37846649,https://ftp.ebi.ac.uk/pub/databases/spot/pgs/scores/PGS004164/ScoringFiles/PGS004164.txt.gz,data/pgs/scoring_files/PGS004164.txt.gz
PGS001123,GBE_BIN100240,EFO_0006781,coffee consumption measurement,Coffee consumption,48,snpnet,PGP000244,35324888,https://ftp.ebi.ac.uk/pub/databases/spot/pgs/scores/PGS001123/ScoringFiles/PGS001123.txt.gz,data/pgs/scoring_files/PGS001123.txt.gz
PGS000664,GRS7_GFR,EFO_0006829,GFR change measurement,Rapid decline of glomerular filtration rate (GFR),7,"Genome-wide significant SNPs, candidate gene based approach",PGP000124,33137338,https://ftp.ebi.ac.uk/pub/databases/spot/pgs/scores/PGS000664/ScoringFiles/PGS000664.txt.gz,data/pgs/scoring_files/PGS000664.txt.gz
PGS005320,LPA_PRS,EFO_0006925,lipoprotein A measurement,Lipoprotein (a),36,Genome-wide significant SNPs,PGP000766,38632276,https://ftp.ebi.ac.uk/pub/databases/spot/pgs/scores/PGS005320/ScoringFiles/PGS005320.txt.gz,data/pgs/scoring_files/PGS005320.txt.gz
PGS001392,GBE_FH1001,EFO_0006953,family history of lung cancer,Family history of lung cancer,312,snpnet,PGP000244,35324888,https://ftp.ebi.ac.uk/pub/databases/spot/pgs/scores/PGS001392/ScoringFiles/PGS001392.txt.gz,data/pgs/scoring_files/PGS001392.txt.gz
PGS001899,portability-PLR_depression_feelings,EFO_0007006,depressive symptom measurement,Recent feelings of depression,2434,Penalized regression (bigstatsr),PGP000263,34995502,https://ftp.ebi.ac.uk/pub/databases/spot/pgs/scores/PGS001899/ScoringFiles/PGS001899.txt.gz,data/pgs/scoring_files/PGS001899.txt.gz
PGS000767,GRS14,EFO_0007006|MONDO_0002009,depressive symptom measurement|major depressive disorder,Depression,14,Genome-wide significant variants,PGP000174,31537779,https://ftp.ebi.ac.uk/pub/databases/spot/pgs/scores/PGS000767/ScoringFiles/PGS000767.txt.gz,data/pgs/scoring_files/PGS000767.txt.gz
PGS001118,GBE_BIN_FC10002492,EFO_0007010,drug use measurement,Taking other prescription medications,1846,snpnet,PGP000244,35324888,https://ftp.ebi.ac.uk/pub/databases/spot/pgs/scores/PGS001118/ScoringFiles/PGS001118.txt.gz,data/pgs/scoring_files/PGS001118.txt.gz
PGS001116,GBE_BIN_FC2006154,EFO_0007012,NSAID use measurement,Ibuprofen use,174,snpnet,PGP000244,35324888,https://ftp.ebi.ac.uk/pub/databases/spot/pgs/scores/PGS001116/ScoringFiles/PGS001116.txt.gz,data/pgs/scoring_files/PGS001116.txt.gz
PGS001114,GBE_BIN_FC8006154,EFO_0007012|EFO_0009799,NSAID use measurement|self-reported trait,"Ibuprofen use, self-reported",419,snpnet,PGP000244,35324888,https://ftp.ebi.ac.uk/pub/databases/spot/pgs/scores/PGS001114/ScoringFiles/PGS001114.txt.gz,data/pgs/scoring_files/PGS001114.txt.gz
PGS001112,GBE_BIN_FC1006154,EFO_0007013,aspirin use measurement,Aspirin,499,snpnet,PGP000244,35324888,https://ftp.ebi.ac.uk/pub/databases/spot/pgs/scores/PGS001112/ScoringFiles/PGS001112.txt.gz,data/pgs/scoring_files/PGS001112.txt.gz
PGS001391,GBE_INI20453,EFO_0007585,Cannabis use,Ever taken cannabis,819,snpnet,PGP000244,35324888,https://ftp.ebi.ac.uk/pub/databases/spot/pgs/scores/PGS001391/ScoringFiles/PGS001391.txt.gz,data/pgs/scoring_files/PGS001391.txt.gz
PGS001085,GBE_BIN_FC10001628,EFO_0007645|OBA_1000840,longitudinal alcohol consumption measurement|alcohol consumption quality,"Increased alcohol consumption, versus 10 years ago",214,snpnet,PGP000244,35324888,https://ftp.ebi.ac.uk/pub/databases/spot/pgs/scores/PGS001085/ScoringFiles/PGS001085.txt.gz,data/pgs/scoring_files/PGS001085.txt.gz
PGS002004,portability-PLR_sensitive_stomach,EFO_0007652,health trait,Sensitive stomach,3970,Penalized regression (bigstatsr),PGP000263,34995502,https://ftp.ebi.ac.uk/pub/databases/spot/pgs/scores/PGS002004/ScoringFiles/PGS002004.txt.gz,data/pgs/scoring_files/PGS002004.txt.gz
PGS003440,GRS11_nonapoeAD,EFO_0007659|MONDO_0004975,APOE carrier status|Alzheimer disease,Alzheimer's disease in non APOE,11,Genome-wide significant SNPs,PGP000444,36653486,https://ftp.ebi.ac.uk/pub/databases/spot/pgs/scores/PGS003440/ScoringFiles/PGS003440.txt.gz,data/pgs/scoring_files/PGS003440.txt.gz
PGS002610,mental_NEUROTICISM.P+T.5e-08,EFO_0007660,neuroticism measurement,Neuroticism,196,Pruning and Thresholding (P+T),PGP000332,35393596,https://ftp.ebi.ac.uk/pub/databases/spot/pgs/scores/PGS002610/ScoringFiles/PGS002610.txt.gz,data/pgs/scoring_files/PGS002610.txt.gz
PGS000777,PHS3_PDD,EFO_0007710|MONDO_0005180,cognitive decline measurement|Parkinson disease,Parkinson's disease dementia,3,Variants associated with Parkinson's disease,PGP000181,33958783,https://ftp.ebi.ac.uk/pub/databases/spot/pgs/scores/PGS000777/ScoringFiles/PGS000777.txt.gz,data/pgs/scoring_files/PGS000777.txt.gz
PGS012569,DHA_PplusT,EFO_0007761,docosahexaenoic acid measurement,Docosahexaenoic acid,179,Pruning and Thresholding (P+T),PGP000809,42721579,https://ftp.ebi.ac.uk/pub/databases/spot/pgs/scores/PGS012569/ScoringFiles/PGS012569.txt.gz,data/pgs/scoring_files/PGS012569.txt.gz
PGS000718,PRPBB_44,EFO_0007766,response to beta blocker,Beta-blocker survival benefit,44,Cox proportional hazard model + LD-clumping,PGP000134,33012170,https://ftp.ebi.ac.uk/pub/databases/spot/pgs/scores/PGS000718/ScoringFiles/PGS000718.txt.gz,data/pgs/scoring_files/PGS000718.txt.gz
PGS004897,UACR,EFO_0007778,urinary albumin to creatinine ratio,Urinary albumin-to-creatinine ratio,28,Genome-wide significant SNPs,PGP000623,37446387,https://ftp.ebi.ac.uk/pub/databases/spot/pgs/scores/PGS004897/ScoringFiles/PGS004897.txt.gz,data/pgs/scoring_files/PGS004897.txt.gz
PGS003575,mloy-PRS,EFO_0007783,mosaic loss of chromosome Y measurement,Mosaic loss of chromosome Y,114,Genome-wide significant variants,PGP000460,36674414,https://ftp.ebi.ac.uk/pub/databases/spot/pgs/scores/PGS003575/ScoringFiles/PGS003575.txt.gz,data/pgs/scoring_files/PGS003575.txt.gz
PGS000843,WHRadjBMI,EFO_0007788,BMI-adjusted waist-hip ratio,WHR adjusted for BMI,63,Genome-wide significant variants,PGP000211,34737425,https://ftp.ebi.ac.uk/pub/databases/spot/pgs/scores/PGS000843/ScoringFiles/PGS000843.txt.gz,data/pgs/scoring_files/PGS000843.txt.gz
PGS004909,EUR_wGRS7,EFO_0007794,nicotine metabolite ratio,Nicotine metabolite ratio,8,"Genome-wide significant SNPs, conditional analysis",PGP000641,30815984,https://ftp.ebi.ac.uk/pub/databases/spot/pgs/scores/PGS004909/ScoringFiles/PGS004909.txt.gz,data/pgs/scoring_files/PGS004909.txt.gz
PGS001396,GBE_QT_FC1002060,EFO_0007803,emotional symptom measurement,Frequency of unenthusiasm / disinterest in last 2 weeks,2431,snpnet,PGP000244,35324888,https://ftp.ebi.ac.uk/pub/databases/spot/pgs/scores/PGS001396/ScoringFiles/PGS001396.txt.gz,data/pgs/scoring_files/PGS001396.txt.gz
PGS001099,GBE_INI5085,EFO_0007814,refractive error measurement,Spherical power (left eye),6639,snpnet,PGP000244,35324888,https://ftp.ebi.ac.uk/pub/databases/spot/pgs/scores/PGS001099/ScoringFiles/PGS001099.txt.gz,data/pgs/scoring_files/PGS001099.txt.gz
PGS002582,body_BALDING1.P+T.5e-08,EFO_0007825,balding measurement,Balding Type 1,1998,Pruning and Thresholding (P+T),PGP000332,35393596,https://ftp.ebi.ac.uk/pub/databases/spot/pgs/scores/PGS002582/ScoringFiles/PGS002582.txt.gz,data/pgs/scoring_files/PGS002582.txt.gz
PGS001091,GBE_BIN2020,EFO_0007865,loneliness measurement,Loneliness,660,snpnet,PGP000244,35324888,https://ftp.ebi.ac.uk/pub/databases/spot/pgs/scores/PGS001091/ScoringFiles/PGS001091.txt.gz,data/pgs/scoring_files/PGS001091.txt.gz
PGS001090,GBE_BIN_FC40020489,EFO_0007869,wellbeing measurement,Often felt loved as a child,7555,snpnet,PGP000244,35324888,https://ftp.ebi.ac.uk/pub/databases/spot/pgs/scores/PGS001090/ScoringFiles/PGS001090.txt.gz,data/pgs/scoring_files/PGS001090.txt.gz
PGS003859,GRS129_insomnia,EFO_0007876,insomnia measurement,Insomnia,129,Genome-wide significant SNPs,PGP000497,37013595,https://ftp.ebi.ac.uk/pub/databases/spot/pgs/scores/PGS003859/ScoringFiles/PGS003859.txt.gz,data/pgs/scoring_files/PGS003859.txt.gz
PGS001981,portability-PLR_log_ventricular_rate,EFO_0007928,ventricular rate measurement,Ventricular rate,6324,Penalized regression (bigstatsr),PGP000263,34995502,https://ftp.ebi.ac.uk/pub/databases/spot/pgs/scores/PGS001981/ScoringFiles/PGS001981.txt.gz,data/pgs/scoring_files/PGS001981.txt.gz
PGS000679,snpnet.Creatinine_in_urine,EFO_0007934,creatinine clearance measurement,Creatinine in urine [umol/L],5469,snpnet,PGP000128,33462484,https://ftp.ebi.ac.uk/pub/databases/spot/pgs/scores/PGS000679/ScoringFiles/PGS000679.txt.gz,data/pgs/scoring_files/PGS000679.txt.gz
PGS001080,GBE_QT_FC1002080,EFO_0007946,tiredness measurement,Freq. of tiredness / lethargy in last 2 weeks,5594,snpnet,PGP000244,35324888,https://ftp.ebi.ac.uk/pub/databases/spot/pgs/scores/PGS001080/ScoringFiles/PGS001080.txt.gz,data/pgs/scoring_files/PGS001080.txt.gz
PGS000185,pdw,EFO_0007984,platelet component distribution width,Platelet distribution width,555,Genome-wide significant variants,PGP000078,32888494,https://ftp.ebi.ac.uk/pub/databases/spot/pgs/scores/PGS000185/ScoringFiles/PGS000185.txt.gz,data/pgs/scoring_files/PGS000185.txt.gz
PGS000184,pct,EFO_0007985,platelet crit,Platelet crit,700,Genome-wide significant variants,PGP000078,32888494,https://ftp.ebi.ac.uk/pub/databases/spot/pgs/scores/PGS000184/ScoringFiles/PGS000184.txt.gz,data/pgs/scoring_files/PGS000184.txt.gz
PGS000171,irf,EFO_0007986,reticulocyte count,Immature fraction of reticulocytes,372,Genome-wide significant variants,PGP000078,32888494,https://ftp.ebi.ac.uk/pub/databases/spot/pgs/scores/PGS000171/ScoringFiles/PGS000171.txt.gz,data/pgs/scoring_files/PGS000171.txt.gz
PGS000178,mono_p,EFO_0007989,monocyte percentage of leukocytes,Monocyte percentage of white cells,549,Genome-wide significant variants,PGP000078,32888494,https://ftp.ebi.ac.uk/pub/databases/spot/pgs/scores/PGS000178/ScoringFiles/PGS000178.txt.gz,data/pgs/scoring_files/PGS000178.txt.gz
PGS000183,neut_p,EFO_0007990,neutrophil percentage of leukocytes,Neutrophil percentage of white cells,437,Genome-wide significant variants,PGP000078,32888494,https://ftp.ebi.ac.uk/pub/databases/spot/pgs/scores/PGS000183/ScoringFiles/PGS000183.txt.gz,data/pgs/scoring_files/PGS000183.txt.gz
PGS000166,eo_p,EFO_0007991,eosinophil percentage of leukocytes,Eosinophil percentage of white cells,571,Genome-wide significant variants,PGP000078,32888494,https://ftp.ebi.ac.uk/pub/databases/spot/pgs/scores/PGS000166/ScoringFiles/PGS000166.txt.gz,data/pgs/scoring_files/PGS000166.txt.gz
PGS000164,baso_p,EFO_0007992,basophil percentage of leukocytes,Basophil percentage of white cells,150,Genome-wide significant variants,PGP000078,32888494,https://ftp.ebi.ac.uk/pub/databases/spot/pgs/scores/PGS000164/ScoringFiles/PGS000164.txt.gz,data/pgs/scoring_files/PGS000164.txt.gz
PGS000173,lymph_p,EFO_0007993,lymphocyte percentage of leukocytes,Lymphocyte percentage of white cells,472,Genome-wide significant variants,PGP000078,32888494,https://ftp.ebi.ac.uk/pub/databases/spot/pgs/scores/PGS000173/ScoringFiles/PGS000173.txt.gz,data/pgs/scoring_files/PGS000173.txt.gz
PGS001397,GBE_INI971,EFO_0008002,physical activity measurement,Frequency of walking for pleasure in last 4 weeks,1276,snpnet,PGP000244,35324888,https://ftp.ebi.ac.uk/pub/databases/spot/pgs/scores/PGS001397/ScoringFiles/PGS001397.txt.gz,data/pgs/scoring_files/PGS001397.txt.gz
PGS000306,GRS19_FGadjBMI,EFO_0008036,BMI-adjusted fasting blood glucose measurement,Fasting glucose (body mass index adjusted),19,GWAS-significant (lead and secondary) variants,PGP000092,32527150,https://ftp.ebi.ac.uk/pub/databases/spot/pgs/scores/PGS000306/ScoringFiles/PGS000306.txt.gz,data/pgs/scoring_files/PGS000306.txt.gz
PGS000308,GRS12_FIadjBMI,EFO_0008037,BMI-adjusted fasting blood insulin measurement,Fasting insulin (body mass index adjusted),12,GWAS-significant (lead and secondary) variants,PGP000092,32527150,https://ftp.ebi.ac.uk/pub/databases/spot/pgs/scores/PGS000308/ScoringFiles/PGS000308.txt.gz,data/pgs/scoring_files/PGS000308.txt.gz
PGS001065,GBE_BIN_FC3006144,EFO_0008111,diet measurement,Never eat wheat,5,snpnet,PGP000244,35324888,https://ftp.ebi.ac.uk/pub/databases/spot/pgs/scores/PGS001065/ScoringFiles/PGS001065.txt.gz,data/pgs/scoring_files/PGS001065.txt.gz
PGS000666,PGS_LVESVi,EFO_0008206,left ventricular systolic function measurement,Body surface area-indexed left ventricular end-systolic volume,28,Genome-wide significant variants,PGP000126,32382064,https://ftp.ebi.ac.uk/pub/databases/spot/pgs/scores/PGS000666/ScoringFiles/PGS000666.txt.gz,data/pgs/scoring_files/PGS000666.txt.gz
PGS002586,other_MORNINGPERSON.P+T.5e-08,EFO_0008328,chronotype measurement,Chronotype (morning person),255,Pruning and Thresholding (P+T),PGP000332,35393596,https://ftp.ebi.ac.uk/pub/databases/spot/pgs/scores/PGS002586/ScoringFiles/PGS002586.txt.gz,data/pgs/scoring_files/PGS002586.txt.gz
PGS001054,GBE_BIN1210,EFO_0008341,snoring measurement,Snoring,7407,snpnet,PGP000244,35324888,https://ftp.ebi.ac.uk/pub/databases/spot/pgs/scores/PGS001054/ScoringFiles/PGS001054.txt.gz,data/pgs/scoring_files/PGS001054.txt.gz
PGS002278,GRS16_snLVEF,EFO_0008373,left ventricular ejection fraction measurement,Supranormal left ventricular ejection fraction,16,Genome-wide significant variants,PGP000307,35278270,https://ftp.ebi.ac.uk/pub/databases/spot/pgs/scores/PGS002278/ScoringFiles/PGS002278.txt.gz,data/pgs/scoring_files/PGS002278.txt.gz
PGS001985,portability-PLR_logMAR,EFO_0008385,visual acuity measurement,logMAR in round (left/right),223,Penalized regression (bigstatsr),PGP000263,34995502,https://ftp.ebi.ac.uk/pub/databases/spot/pgs/scores/PGS001985/ScoringFiles/PGS001985.txt.gz,data/pgs/scoring_files/PGS001985.txt.gz
PGS000656,NAS-11,EFO_0008421,non-alcoholic fatty liver disease severity measurement,Non-alcoholic fatty liver disease activity score,11,Genome-wide significant variants,PGP000119,31311600,https://ftp.ebi.ac.uk/pub/databases/spot/pgs/scores/PGS000656/ScoringFiles/PGS000656.txt.gz,data/pgs/scoring_files/PGS000656.txt.gz
PGS000834,CIR,EFO_0008473,insulin response measurement,Corrected insulin response (at 30mins during OGTT),220,Genome-wide significant variants,PGP000211,34737425,https://ftp.ebi.ac.uk/pub/databases/spot/pgs/scores/PGS000834/ScoringFiles/PGS000834.txt.gz,data/pgs/scoring_files/PGS000834.txt.gz
PGS018430,TPMI_070.4_Lassosum2,EFO_0008496,chronic hepatitis,Chronic hepatitis,305,Lassosum2,PGP000835,41094136,https://ftp.ebi.ac.uk/pub/databases/spot/pgs/scores/PGS018430/ScoringFiles/PGS018430.txt.gz,data/pgs/scoring_files/PGS018430.txt.gz
PGS001050,GBE_HC1098,EFO_0008561,diaphragmatic hernia,Diaphragmatic hernia (time-to-event),1857,snpnet,PGP000244,35324888,https://ftp.ebi.ac.uk/pub/databases/spot/pgs/scores/PGS001050/ScoringFiles/PGS001050.txt.gz,data/pgs/scoring_files/PGS001050.txt.gz
PGS001049,GBE_BIN2040,EFO_0008579,risk-taking behaviour,Risk taking behaviour,4299,snpnet,PGP000244,35324888,https://ftp.ebi.ac.uk/pub/databases/spot/pgs/scores/PGS001049/ScoringFiles/PGS001049.txt.gz,data/pgs/scoring_files/PGS001049.txt.gz
PGS001048,GBE_HC1576,EFO_0008586,Non-ST Elevation Myocardial Infarction,NSTEMI (algorithmically-defined),687,snpnet,PGP000244,35324888,https://ftp.ebi.ac.uk/pub/databases/spot/pgs/scores/PGS001048/ScoringFiles/PGS001048.txt.gz,data/pgs/scoring_files/PGS001048.txt.gz
PGS019453,TPMI_586.2_Lassosum2,EFO_0008619,Simple Cyst of Kidney,Cyst of kidney acquired,2,Lassosum2,PGP000835,41094136,https://ftp.ebi.ac.uk/pub/databases/spot/pgs/scores/PGS019453/ScoringFiles/PGS019453.txt.gz,data/pgs/scoring_files/PGS019453.txt.gz
PGS002577,repro_NumberChildrenEverBorn_Pooled.P+T.5e-08,EFO_0009102,number of children ever born measurement,Number of children ever born,21,Pruning and Thresholding (P+T),PGP000332,35393596,https://ftp.ebi.ac.uk/pub/databases/spot/pgs/scores/PGS002577/ScoringFiles/PGS002577.txt.gz,data/pgs/scoring_files/PGS002577.txt.gz
PGS001047,GBE_BIN_FC20001249,EFO_0009115,tobacco smoke exposure measurement,Past tobacco smoking (Smoked occasionally),2245,snpnet,PGP000244,35324888,https://ftp.ebi.ac.uk/pub/databases/spot/pgs/scores/PGS001047/ScoringFiles/PGS001047.txt.gz,data/pgs/scoring_files/PGS001047.txt.gz
PGS001045,GBE_BIN_FC6006155,EFO_0009116,vitamin supplement exposure measurement,Vitamin B9 intake,5,snpnet,PGP000244,35324888,https://ftp.ebi.ac.uk/pub/databases/spot/pgs/scores/PGS001045/ScoringFiles/PGS001045.txt.gz,data/pgs/scoring_files/PGS001045.txt.gz
PGS000188,rdw,EFO_0009188,Red cell distribution width,Red cell distribution width,546,Genome-wide significant variants,PGP000078,32888494,https://ftp.ebi.ac.uk/pub/databases/spot/pgs/scores/PGS000188/ScoringFiles/PGS000188.txt.gz,data/pgs/scoring_files/PGS000188.txt.gz
PGS001040,GBE_cancer1060,EFO_0009260,non-melanoma skin carcinoma,Non melanoma skin cancer,1610,snpnet,PGP000244,35324888,https://ftp.ebi.ac.uk/pub/databases/spot/pgs/scores/PGS001040/ScoringFiles/PGS001040.txt.gz,data/pgs/scoring_files/PGS001040.txt.gz
PGS001347,GBE_FH1263,EFO_0009268,family history of Alzheimer’s disease,Family history of Alzheimer's/dementia,139,snpnet,PGP000244,35324888,https://ftp.ebi.ac.uk/pub/databases/spot/pgs/scores/PGS001347/ScoringFiles/PGS001347.txt.gz,data/pgs/scoring_files/PGS001347.txt.gz
PGS001403,GBE_INI4105,EFO_0009270,heel bone mineral density,Heel bone mineral density (BMD) (L),8285,snpnet,PGP000244,35324888,https://ftp.ebi.ac.uk/pub/databases/spot/pgs/scores/PGS001403/ScoringFiles/PGS001403.txt.gz,data/pgs/scoring_files/PGS001403.txt.gz
PGS001036,GBE_INI23004,EFO_0009271,Epstein Barr virus nuclear antigen-1 seropositivity,Epstein Barr virus nuclear antigen 1 IgG seropositivity,38,snpnet,PGP000244,35324888,https://ftp.ebi.ac.uk/pub/databases/spot/pgs/scores/PGS001036/ScoringFiles/PGS001036.txt.gz,data/pgs/scoring_files/PGS001036.txt.gz
PGS003427,lvmi,EFO_0009290,left ventricular mass index,Left ventricular mass index (LVMI),465,Pruning and Thresholding (P+T),PGP000434,36944631,https://ftp.ebi.ac.uk/pub/databases/spot/pgs/scores/PGS003427/ScoringFiles/PGS003427.txt.gz,data/pgs/scoring_files/PGS003427.txt.gz
PGS001399,GBE_INI23002,EFO_0009340,Varicella zoster virus seropositivity,GE / gI antigen for Varicella Zoster Virus,5,snpnet,PGP000244,35324888,https://ftp.ebi.ac.uk/pub/databases/spot/pgs/scores/PGS001399/ScoringFiles/PGS001399.txt.gz,data/pgs/scoring_files/PGS001399.txt.gz
PGS003613,L_CA1_body_UKBB_EUR_GWAS,EFO_0009394,hippocampal CA1 volume,Left CA1 body volume,8,PRSice,PGP000464,37337106,https://ftp.ebi.ac.uk/pub/databases/spot/pgs/scores/PGS003613/ScoringFiles/PGS003613.txt.gz,data/pgs/scoring_files/PGS003613.txt.gz
PGS003624,R_CA3_head_trans_ancestry_meta_analysis,EFO_0009395,hippocampal CA3 volume,Right CA3 head volume,594,PRSice,PGP000464,37337106,https://ftp.ebi.ac.uk/pub/databases/spot/pgs/scores/PGS003624/ScoringFiles/PGS003624.txt.gz,data/pgs/scoring_files/PGS003624.txt.gz
PGS003641,L_CA4_head_CHIMGEN_EAS_GWAS,EFO_0009396,hippocampal CA4 volume,Left CA4 head volume,48,PRSice,PGP000464,37337106,https://ftp.ebi.ac.uk/pub/databases/spot/pgs/scores/PGS003641/ScoringFiles/PGS003641.txt.gz,data/pgs/scoring_files/PGS003641.txt.gz
PGS003604,R_HATA_trans_ancestry_meta_analysis,EFO_0009401,hippocampal amigdala transition area volume,Right hippocampus-amygdala transition area volume,1363,PRSice,PGP000464,37337106,https://ftp.ebi.ac.uk/pub/databases/spot/pgs/scores/PGS003604/ScoringFiles/PGS003604.txt.gz,data/pgs/scoring_files/PGS003604.txt.gz
PGS001031,GBE_HC1261,EFO_0009432,fibroblastic disorder,Fibroblastic disorders (time-to-event),252,snpnet,PGP000244,35324888,https://ftp.ebi.ac.uk/pub/databases/spot/pgs/scores/PGS001031/ScoringFiles/PGS001031.txt.gz,data/pgs/scoring_files/PGS001031.txt.gz
PGS000194,G-PROB_Rapos,EFO_0009459,ACPA-positive rheumatoid arthritis,Rheumatoid arthritis (CCP-negative),114,Pruning and Thresholding (P+T),PGP000081,32461333,https://ftp.ebi.ac.uk/pub/databases/spot/pgs/scores/PGS000194/ScoringFiles/PGS000194.txt.gz,data/pgs/scoring_files/PGS000194.txt.gz
PGS000195,G-PROB_Raneg,EFO_0009460,ACPA-negative rheumatoid arthritis,Rheumatoid arthritis (CCP-negative),96,Pruning and Thresholding (P+T),PGP000081,32461333,https://ftp.ebi.ac.uk/pub/databases/spot/pgs/scores/PGS000195/ScoringFiles/PGS000195.txt.gz,data/pgs/scoring_files/PGS000195.txt.gz
PGS001028,GBE_BIN_FC1006148,EFO_0009486,diabetic eye disease,Diabetic eye disease,123,snpnet,PGP000244,35324888,https://ftp.ebi.ac.uk/pub/databases/spot/pgs/scores/PGS001028/ScoringFiles/PGS001028.txt.gz,data/pgs/scoring_files/PGS001028.txt.gz
PGS019190,TPMI_427.1_Lassosum2,EFO_0009493,paroxysmal tachycardia,Paroxysmal tachycardia unspecified,70,Lassosum2,PGP000835,41094136,https://ftp.ebi.ac.uk/pub/databases/spot/pgs/scores/PGS019190/ScoringFiles/PGS019190.txt.gz,data/pgs/scoring_files/PGS019190.txt.gz
PGS001027,GBE_HC1228,EFO_0009507,knee injury,Internal derangement of knee (time-to-event),118,snpnet,PGP000244,35324888,https://ftp.ebi.ac.uk/pub/databases/spot/pgs/scores/PGS001027/ScoringFiles/PGS001027.txt.gz,data/pgs/scoring_files/PGS001027.txt.gz
PGS001026,GBE_HC83,EFO_0009514,upper extremity fracture,Forearm or wrist fracture,45,snpnet,PGP000244,35324888,https://ftp.ebi.ac.uk/pub/databases/spot/pgs/scores/PGS001026/ScoringFiles/PGS001026.txt.gz,data/pgs/scoring_files/PGS001026.txt.gz
PGS000870,CFRD_18,EFO_0009518,complication,Cystic fibrosis related diabetes,18,3 genome-wide significant variants and 15 variants with FDR >0.1 in T2D_221 and PGS000032,PGP000214,31697830,https://ftp.ebi.ac.uk/pub/databases/spot/pgs/scores/PGS000870/ScoringFiles/PGS000870.txt.gz,data/pgs/scoring_files/PGS000870.txt.gz
PGS001920,portability-PLR_foreboding_feelings,EFO_0009589,worry measurement,Recent feelings of foreboding,2894,Penalized regression (bigstatsr),PGP000263,34995502,https://ftp.ebi.ac.uk/pub/databases/spot/pgs/scores/PGS001920/ScoringFiles/PGS001920.txt.gz,data/pgs/scoring_files/PGS001920.txt.gz
PGS001021,GBE_BIN1980,EFO_0009589|EFO_0009863,worry measurement|anxiety measurement,Feelings of worry or anxiety,9747,snpnet,PGP000244,35324888,https://ftp.ebi.ac.uk/pub/databases/spot/pgs/scores/PGS001021/ScoringFiles/PGS001021.txt.gz,data/pgs/scoring_files/PGS001021.txt.gz
PGS001020,GBE_BIN_FC50006160,EFO_0009592,social interaction measurement,Attending social / leisure activities (regular attendance at an adult education class),220,snpnet,PGP000244,35324888,https://ftp.ebi.ac.uk/pub/databases/spot/pgs/scores/PGS001020/ScoringFiles/PGS001020.txt.gz,data/pgs/scoring_files/PGS001020.txt.gz
PGS001017,GBE_BIN2010,EFO_0009597,feeling nervous measurement,Suffer from 'nerves',3348,snpnet,PGP000244,35324888,https://ftp.ebi.ac.uk/pub/databases/spot/pgs/scores/PGS001017/ScoringFiles/PGS001017.txt.gz,data/pgs/scoring_files/PGS001017.txt.gz
PGS001016,GBE_BIN1950,EFO_0009599,feeling emotionally hurt measurement,Sensitivity / hurt feelings,7922,snpnet,PGP000244,35324888,https://ftp.ebi.ac.uk/pub/databases/spot/pgs/scores/PGS001016/ScoringFiles/PGS001016.txt.gz,data/pgs/scoring_files/PGS001016.txt.gz
PGS019375,TPMI_573.7_Lassosum2,EFO_0009628,abnormal result of function studies,Abnormal results of function study of liver,27,Lassosum2,PGP000835,41094136,https://ftp.ebi.ac.uk/pub/databases/spot/pgs/scores/PGS019375/ScoringFiles/PGS019375.txt.gz,data/pgs/scoring_files/PGS019375.txt.gz
PGS001012,GBE_QT_FC1002296,EFO_0009631,fall,Number of falls in the last year,2103,snpnet,PGP000244,35324888,https://ftp.ebi.ac.uk/pub/databases/spot/pgs/scores/PGS001012/ScoringFiles/PGS001012.txt.gz,data/pgs/scoring_files/PGS001012.txt.gz
PGS001393,GBE_INI1807,EFO_0009712,father's age at death,Father's age at death,398,snpnet,PGP000244,35324888,https://ftp.ebi.ac.uk/pub/databases/spot/pgs/scores/PGS001393/ScoringFiles/PGS001393.txt.gz,data/pgs/scoring_files/PGS001393.txt.gz
PGS001009,GBE_INI3064,EFO_0009718,peak expiratory flow,PEF,9523,snpnet,PGP000244,35324888,https://ftp.ebi.ac.uk/pub/databases/spot/pgs/scores/PGS001009/ScoringFiles/PGS001009.txt.gz,data/pgs/scoring_files/PGS001009.txt.gz
PGS001401,GBE_QT_FC1004548,EFO_0009724,health satisfaction measurement,Health satisfaction,1814,snpnet,PGP000244,35324888,https://ftp.ebi.ac.uk/pub/databases/spot/pgs/scores/PGS001401/ScoringFiles/PGS001401.txt.gz,data/pgs/scoring_files/PGS001401.txt.gz
PGS001398,GBE_QT_FC1004570,EFO_0009725,friendship satisfaction measurement,Friendship satisfaction,659,snpnet,PGP000244,35324888,https://ftp.ebi.ac.uk/pub/databases/spot/pgs/scores/PGS001398/ScoringFiles/PGS001398.txt.gz,data/pgs/scoring_files/PGS001398.txt.gz
PGS001007,GBE_INI2139,EFO_0009749,age at first sexual intercourse measurement,Age at first sexual intercourse,9997,snpnet,PGP000244,35324888,https://ftp.ebi.ac.uk/pub/databases/spot/pgs/scores/PGS001007/ScoringFiles/PGS001007.txt.gz,data/pgs/scoring_files/PGS001007.txt.gz
PGS001005,GBE_INI134,EFO_0009800,number of cancers,Number of self reported cancers,526,snpnet,PGP000244,35324888,https://ftp.ebi.ac.uk/pub/databases/spot/pgs/scores/PGS001005/ScoringFiles/PGS001005.txt.gz,data/pgs/scoring_files/PGS001005.txt.gz
PGS001004,GBE_INI135,EFO_0009801,number of non-cancer illnesses,Number of non-cancer illnesses,5212,snpnet,PGP000244,35324888,https://ftp.ebi.ac.uk/pub/databases/spot/pgs/scores/PGS001004/ScoringFiles/PGS001004.txt.gz,data/pgs/scoring_files/PGS001004.txt.gz
PGS001003,GBE_INI137,EFO_0009803,number of treatments or medications taken,Number of medications taken,8085,snpnet,PGP000244,35324888,https://ftp.ebi.ac.uk/pub/databases/spot/pgs/scores/PGS001003/ScoringFiles/PGS001003.txt.gz,data/pgs/scoring_files/PGS001003.txt.gz
PGS002750,PRS37_THR,EFO_0009806|MONDO_0006629,total hip arthroplasty|osteoarthritis,Total hip replacement,37,Genome-wide significant SNPs,PGP000362,35506208,https://ftp.ebi.ac.uk/pub/databases/spot/pgs/scores/PGS002750/ScoringFiles/PGS002750.txt.gz,data/pgs/scoring_files/PGS002750.txt.gz
PGS001001,GBE_QT_FC1001170,EFO_0009817,ease of getting up in the morning,Getting up in morning,7743,snpnet,PGP000244,35324888,https://ftp.ebi.ac.uk/pub/databases/spot/pgs/scores/PGS001001/ScoringFiles/PGS001001.txt.gz,data/pgs/scoring_files/PGS001001.txt.gz
PGS000997,GBE_HC1106,EFO_0009959,diverticular disease,Diverticular disease of intestine (time-to-event),5757,snpnet,PGP000244,35324888,https://ftp.ebi.ac.uk/pub/databases/spot/pgs/scores/PGS000997/ScoringFiles/PGS000997.txt.gz,data/pgs/scoring_files/PGS000997.txt.gz
PGS000996,GBE_HC262,EFO_0009959|MONDO_0004235,diverticular disease|diverticulitis,Diverticular disease/diverticulitis,368,snpnet,PGP000244,35324888,https://ftp.ebi.ac.uk/pub/databases/spot/pgs/scores/PGS000996/ScoringFiles/PGS000996.txt.gz,data/pgs/scoring_files/PGS000996.txt.gz
PGS001380,GBE_INI5264,EFO_0010066,corneal hysteresis,Corneal hysteresis (L),2240,snpnet,PGP000244,35324888,https://ftp.ebi.ac.uk/pub/databases/spot/pgs/scores/PGS001380/ScoringFiles/PGS001380.txt.gz,data/pgs/scoring_files/PGS001380.txt.gz
PGS001382,GBE_INI5265,EFO_0010067,corneal resistance factor,Corneal resistance factor (L),2390,snpnet,PGP000244,35324888,https://ftp.ebi.ac.uk/pub/databases/spot/pgs/scores/PGS001382/ScoringFiles/PGS001382.txt.gz,data/pgs/scoring_files/PGS001382.txt.gz
PGS000995,GBE_BIN_FC6006149,EFO_0010078,dentures,Dentures,6042,snpnet,PGP000244,35324888,https://ftp.ebi.ac.uk/pub/databases/spot/pgs/scores/PGS000995/ScoringFiles/PGS000995.txt.gz,data/pgs/scoring_files/PGS000995.txt.gz
PGS000994,GBE_INI1488,EFO_0010091,tea consumption measurement,Tea intake,3119,snpnet,PGP000244,35324888,https://ftp.ebi.ac.uk/pub/databases/spot/pgs/scores/PGS000994/ScoringFiles/PGS000994.txt.gz,data/pgs/scoring_files/PGS000994.txt.gz
PGS012571,Omega_3_PplusT,EFO_0010119,omega-3 polyunsaturated fatty acid measurement,Omega-3 fatty acids,214,Pruning and Thresholding (P+T),PGP000809,42721579,https://ftp.ebi.ac.uk/pub/databases/spot/pgs/scores/PGS012571/ScoringFiles/PGS012571.txt.gz,data/pgs/scoring_files/PGS012571.txt.gz
PGS000993,GBE_QT_FC1001329,EFO_0010139,fish consumption measurement,Oily fish consumption,3925,snpnet,PGP000244,35324888,https://ftp.ebi.ac.uk/pub/databases/spot/pgs/scores/PGS000993/ScoringFiles/PGS000993.txt.gz,data/pgs/scoring_files/PGS000993.txt.gz
PGS000991,GBE_BIN_FC4006144,EFO_0010158,sugar consumption measurement,Never eat sugar,2816,snpnet,PGP000244,35324888,https://ftp.ebi.ac.uk/pub/databases/spot/pgs/scores/PGS000991/ScoringFiles/PGS000991.txt.gz,data/pgs/scoring_files/PGS000991.txt.gz
PGS004592,PRS_KC,EFO_0010176,keratinocyte carcinoma,Keratinocyte cancer,78,Genome-wide significant SNPs,PGP000571,35881107,https://ftp.ebi.ac.uk/pub/databases/spot/pgs/scores/PGS004592/ScoringFiles/PGS004592.txt.gz,data/pgs/scoring_files/PGS004592.txt.gz
PGS001413,GBE_INI22423,EFO_0010555,left ventricular stroke volume measurement,LV stroke volume,26,snpnet,PGP000244,35324888,https://ftp.ebi.ac.uk/pub/databases/spot/pgs/scores/PGS001413/ScoringFiles/PGS001413.txt.gz,data/pgs/scoring_files/PGS001413.txt.gz
PGS019763,TPMI_795_Lassosum2,EFO_0010677,cytological,Other and nonspecific abnormal cytological histological and immunological findings,78,Lassosum2,PGP000835,41094136,https://ftp.ebi.ac.uk/pub/databases/spot/pgs/scores/PGS019763/ScoringFiles/PGS019763.txt.gz,data/pgs/scoring_files/PGS019763.txt.gz
PGS000990,GBE_HC878,EFO_0010698|MONDO_0008375,retinal break|retinal detachment,Retinal detachments and breaks (time-to-event),237,snpnet,PGP000244,35324888,https://ftp.ebi.ac.uk/pub/databases/spot/pgs/scores/PGS000990/ScoringFiles/PGS000990.txt.gz,data/pgs/scoring_files/PGS000990.txt.gz
PGS000180,mrv,EFO_0010701,mean reticulocyte volume,Mean reticulocyte volume,629,Genome-wide significant variants,PGP000078,32888494,https://ftp.ebi.ac.uk/pub/databases/spot/pgs/scores/PGS000180/ScoringFiles/PGS000180.txt.gz,data/pgs/scoring_files/PGS000180.txt.gz
PGS000984,GBE_INI2237,EFO_0010724,lifestyle measurement,Frequency of playing computer games,5774,snpnet,PGP000244,35324888,https://ftp.ebi.ac.uk/pub/databases/spot/pgs/scores/PGS000984/ScoringFiles/PGS000984.txt.gz,data/pgs/scoring_files/PGS000984.txt.gz
PGS001535,GBE_BIN_FC20002267,EFO_0010729,sun exposure measurement,Use of sun/uv protection (Sometimes),309,snpnet,PGP000244,35324888,https://ftp.ebi.ac.uk/pub/databases/spot/pgs/scores/PGS001535/ScoringFiles/PGS001535.txt.gz,data/pgs/scoring_files/PGS001535.txt.gz
PGS003040,ExPRSweb_PUFAs_MAGNETIC-otPUFA_PT_UKB_20211120,EFO_0010733,polyunsaturated fatty acid measurement,Polyunsatturated fatty acids,13,Pruning and Thresholding (P+T),PGP000393,36152628,https://ftp.ebi.ac.uk/pub/databases/spot/pgs/scores/PGS003040/ScoringFiles/PGS003040.txt.gz,data/pgs/scoring_files/PGS003040.txt.gz
PGS004221,PRS8_carbohydrate,EFO_0010811,carbohydrate intake measurement,Carbohydrate preference,8,Genome-wide significant SNPs,PGP000521,37217678,https://ftp.ebi.ac.uk/pub/databases/spot/pgs/scores/PGS004221/ScoringFiles/PGS004221.txt.gz,data/pgs/scoring_files/PGS004221.txt.gz
PGS000840,Fasting_Proinsulin,EFO_0010814,proinsulin measurement,Fasting Proinsulin,223,Genome-wide significant variants,PGP000211,34737425,https://ftp.ebi.ac.uk/pub/databases/spot/pgs/scores/PGS000840/ScoringFiles/PGS000840.txt.gz,data/pgs/scoring_files/PGS000840.txt.gz
PGS004899,PRS_SCAD,EFO_0010820,spontaneous coronary artery dissection,Spontaneous coronary artery dissection,7,LD-pruning,PGP000629,32887874,https://ftp.ebi.ac.uk/pub/databases/spot/pgs/scores/PGS004899/ScoringFiles/PGS004899.txt.gz,data/pgs/scoring_files/PGS004899.txt.gz
PGS000865,PRS-HFC,EFO_0010821,liver fat measurement,Hepatic fat content,4,Variants with validated effects on hepatic fat accumulation and/or nonalcoholic fatty liver disease severity and with experimental data supporting the casuality of the association,PGP000212,29280273,https://ftp.ebi.ac.uk/pub/databases/spot/pgs/scores/PGS000865/ScoringFiles/PGS000865.txt.gz,data/pgs/scoring_files/PGS000865.txt.gz
PGS000977,GBE_BIN23067,EFO_0010906,merkel cell virus seropositivity,MCV seropositivity for Merkel Cell Polyomavirus,3,snpnet,PGP000244,35324888,https://ftp.ebi.ac.uk/pub/databases/spot/pgs/scores/PGS000977/ScoringFiles/PGS000977.txt.gz,data/pgs/scoring_files/PGS000977.txt.gz
PGS000976,GBE_BIN23066,EFO_0010907,polyomavirus 2 seropositivity,JCV seropositivity for Human Polyomavirus JCV,16,snpnet,PGP000244,35324888,https://ftp.ebi.ac.uk/pub/databases/spot/pgs/scores/PGS000976/ScoringFiles/PGS000976.txt.gz,data/pgs/scoring_files/PGS000976.txt.gz
PGS000690,snpnet.Microalbumin_in_urine,EFO_0010967,urinary microalbumin measurement,Microalbumin in urine [mg/L],111,snpnet,PGP000128,33462484,https://ftp.ebi.ac.uk/pub/databases/spot/pgs/scores/PGS000690/ScoringFiles/PGS000690.txt.gz,data/pgs/scoring_files/PGS000690.txt.gz
PGS001385,GBE_INI21051,EFO_0011014,health-related quality of life measurement,Degree bothered by headaches in the last 3 months,9,snpnet,PGP000244,35324888,https://ftp.ebi.ac.uk/pub/databases/spot/pgs/scores/PGS001385/ScoringFiles/PGS001385.txt.gz,data/pgs/scoring_files/PGS001385.txt.gz
PGS002587,cov_EDU_COLLEGE.P+T.5e-08,EFO_0011015,educational attainment,College education,514,Pruning and Thresholding (P+T),PGP000332,35393596,https://ftp.ebi.ac.uk/pub/databases/spot/pgs/scores/PGS002587/ScoringFiles/PGS002587.txt.gz,data/pgs/scoring_files/PGS002587.txt.gz
PGS002749,PRS10_TKR,EFO_0020975|MONDO_0005416,total knee arthroplasty|osteoarthritis,Total knee replacement,10,Genome-wide significant SNPs,PGP000362,35506208,https://ftp.ebi.ac.uk/pub/databases/spot/pgs/scores/PGS002749/ScoringFiles/PGS002749.txt.gz,data/pgs/scoring_files/PGS002749.txt.gz
PGS012570,DHA_pct_PplusT,EFO_0022262,docosahexaenoic acid to total fatty acids percentage,Docosahexaenoic acid to total fatty acids percentage,110,Pruning and Thresholding (P+T),PGP000809,42721579,https://ftp.ebi.ac.uk/pub/databases/spot/pgs/scores/PGS012570/ScoringFiles/PGS012570.txt.gz,data/pgs/scoring_files/PGS012570.txt.gz
PGS001053,GBE_INI1060,EFO_0600081,time spent outdoors measurement,Time spend outdoors in winter,2323,snpnet,PGP000244,35324888,https://ftp.ebi.ac.uk/pub/databases/spot/pgs/scores/PGS001053/ScoringFiles/PGS001053.txt.gz,data/pgs/scoring_files/PGS001053.txt.gz
PGS001117,GBE_BIN_FC10002986,EFO_0600082,insulin use measurement,Started insulin within one year diagnosis of diabetes,68,snpnet,PGP000244,35324888,https://ftp.ebi.ac.uk/pub/databases/spot/pgs/scores/PGS001117/ScoringFiles/PGS001117.txt.gz,data/pgs/scoring_files/PGS001117.txt.gz
PGS001292,GBE_FH1044,EFO_0600083,family history of prostate cancer,Family history of prostate cancer,602,snpnet,PGP000244,35324888,https://ftp.ebi.ac.uk/pub/databases/spot/pgs/scores/PGS001292/ScoringFiles/PGS001292.txt.gz,data/pgs/scoring_files/PGS001292.txt.gz
PGS001903,portability-PLR_ECG_PP_interval,EFO_0600085,PP interval,PP interval,4368,Penalized regression (bigstatsr),PGP000263,34995502,https://ftp.ebi.ac.uk/pub/databases/spot/pgs/scores/PGS001903/ScoringFiles/PGS001903.txt.gz,data/pgs/scoring_files/PGS001903.txt.gz
PGS001874,portability-PLR_706.2,EFO_1000243,Epidermal Inclusion Cyst,Sebaceous cyst,563,Penalized regression (bigstatsr),PGP000263,34995502,https://ftp.ebi.ac.uk/pub/databases/spot/pgs/scores/PGS001874/ScoringFiles/PGS001874.txt.gz,data/pgs/scoring_files/PGS001874.txt.gz
PGS019577,TPMI_686.1_Lassosum2,EFO_1000674|HP_0020083,carbuncle|Furuncle,Carbuncle and furuncle,1661,Lassosum2,PGP000835,41094136,https://ftp.ebi.ac.uk/pub/databases/spot/pgs/scores/PGS019577/ScoringFiles/PGS019577.txt.gz,data/pgs/scoring_files/PGS019577.txt.gz
PGS018712,TPMI_246.2_Lassosum2,EFO_1000894,dermoid cyst,Thyroid cyst,287,Lassosum2,PGP000835,41094136,https://ftp.ebi.ac.uk/pub/databases/spot/pgs/scores/PGS018712/ScoringFiles/PGS018712.txt.gz,data/pgs/scoring_files/PGS018712.txt.gz
PGS000964,GBE_HC176,EFO_1001317,Epiphyses,Slipped disc,47,snpnet,PGP000244,35324888,https://ftp.ebi.ac.uk/pub/databases/spot/pgs/scores/PGS000964/ScoringFiles/PGS000964.txt.gz,data/pgs/scoring_files/PGS000964.txt.gz
PGS000963,GBE_HC1184,EFO_1001329,Follicular Cyst,Follicular cysts of skin and subcutaneous tissue (time-to-event),264,snpnet,PGP000244,35324888,https://ftp.ebi.ac.uk/pub/databases/spot/pgs/scores/PGS000963/ScoringFiles/PGS000963.txt.gz,data/pgs/scoring_files/PGS000963.txt.gz
PGS019617,TPMI_696.41_Lassosum2,EFO_1001494,psoriasis vulgaris,Psoriasis vulgaris,1357,Lassosum2,PGP000835,41094136,https://ftp.ebi.ac.uk/pub/databases/spot/pgs/scores/PGS019617/ScoringFiles/PGS019617.txt.gz,data/pgs/scoring_files/PGS019617.txt.gz
PGS000069,PRS_sEOC,EFO_1001516,ovarian serous carcinoma,Serous epithelial ovarian cancer,15,Genome-wide significant variants,PGP000048,29730597,https://ftp.ebi.ac.uk/pub/databases/spot/pgs/scores/PGS000069/ScoringFiles/PGS000069.txt.gz,data/pgs/scoring_files/PGS000069.txt.gz
PGS004918,PRS8_Synapse,EFO_1001870,late-onset Alzheimer's disease,Late-onset Alzheimers disease (based on SNPs in genes involved in synaptic function),8,Clumping and Thresholding (C+T),PGP000649,33303219,https://ftp.ebi.ac.uk/pub/databases/spot/pgs/scores/PGS004918/ScoringFiles/PGS004918.txt.gz,data/pgs/scoring_files/PGS004918.txt.gz
PGS019327,TPMI_528.1_MegaPRS,EFO_1001898,mucositis,Stomatitis and mucositis,9831,MegaPRS,PGP000835,41094136,https://ftp.ebi.ac.uk/pub/databases/spot/pgs/scores/PGS019327/ScoringFiles/PGS019327.txt.gz,data/pgs/scoring_files/PGS019327.txt.gz
PGS000352,PRS_HGS,EFO_1001958,high grade ovarian serous adenocarcinoma,High grade serous ovarian cancer,22,Genome-wide significant variants,PGP000117,32665703,https://ftp.ebi.ac.uk/pub/databases/spot/pgs/scores/PGS000352/ScoringFiles/PGS000352.txt.gz,data/pgs/scoring_files/PGS000352.txt.gz
PGS000950,GBE_HC1171,GO_0009314,response to radiation,Skin changes due to chronic exposure to nonionising radiation (time-to-event),169,snpnet,PGP000244,35324888,https://ftp.ebi.ac.uk/pub/databases/spot/pgs/scores/PGS000950/ScoringFiles/PGS000950.txt.gz,data/pgs/scoring_files/PGS000950.txt.gz
PGS000769,PRS16_BDR,GO_0097366,response to bronchodilator,Response to bronchodilator (albutamol),16,Variants associated with bronchodilator response that have a combined annotation dependent depletion (CADD) score of >10.,PGP000176,33923870,https://ftp.ebi.ac.uk/pub/databases/spot/pgs/scores/PGS000769/ScoringFiles/PGS000769.txt.gz,data/pgs/scoring_files/PGS000769.txt.gz
PGS019512,TPMI_599.2_Lassosum2,HP_0000016,Urinary retention,Retention of urine,234,Lassosum2,PGP000835,41094136,https://ftp.ebi.ac.uk/pub/databases/spot/pgs/scores/PGS019512/ScoringFiles/PGS019512.txt.gz,data/pgs/scoring_files/PGS019512.txt.gz
PGS000948,GBE_HC243,HP_0000023,Inguinal hernia,Inguinal hernia,1899,snpnet,PGP000244,35324888,https://ftp.ebi.ac.uk/pub/databases/spot/pgs/scores/PGS000948/ScoringFiles/PGS000948.txt.gz,data/pgs/scoring_files/PGS000948.txt.gz
PGS000947,GBE_BIN_FC1006149,HP_0000155,Oral ulcer,Mouth ulcers,1648,snpnet,PGP000244,35324888,https://ftp.ebi.ac.uk/pub/databases/spot/pgs/scores/PGS000947/ScoringFiles/PGS000947.txt.gz,data/pgs/scoring_files/PGS000947.txt.gz
PGS001533,GBE_QT_FC1004803,HP_0000360,Tinnitus,Tinnitus severity,343,snpnet,PGP000244,35324888,https://ftp.ebi.ac.uk/pub/databases/spot/pgs/scores/PGS001533/ScoringFiles/PGS001533.txt.gz,data/pgs/scoring_files/PGS001533.txt.gz
PGS019957,prs149_myopia,HP_0000545,Myopia,Myopia,149,PRSice-2 v2.3.5,PGP000847,39062192,https://ftp.ebi.ac.uk/pub/databases/spot/pgs/scores/PGS019957/ScoringFiles/PGS019957.txt.gz,data/pgs/scoring_files/PGS019957.txt.gz
PGS001863,portability-PLR_593,HP_0000790,Hematuria,Hematuria,794,Penalized regression (bigstatsr),PGP000263,34995502,https://ftp.ebi.ac.uk/pub/databases/spot/pgs/scores/PGS001863/ScoringFiles/PGS001863.txt.gz,data/pgs/scoring_files/PGS001863.txt.gz
PGS000877,uwGRS53_IR,HP_0000855,Insulin resistance,Insulin resistance,53,Clumping and Thresholding (C+T),PGP000223,27841877,https://ftp.ebi.ac.uk/pub/databases/spot/pgs/scores/PGS000877/ScoringFiles/PGS000877.txt.gz,data/pgs/scoring_files/PGS000877.txt.gz
PGS002591,disease_ALLERGY_ECZEMA_DIAGNOSED.P+T.5e-08,HP_0000964,Eczematoid dermatitis,Eczema,667,Pruning and Thresholding (P+T),PGP000332,35393596,https://ftp.ebi.ac.uk/pub/databases/spot/pgs/scores/PGS002591/ScoringFiles/PGS002591.txt.gz,data/pgs/scoring_files/PGS002591.txt.gz
PGS000944,GBE_HC261,HP_0000964|MONDO_0002406,Eczematoid dermatitis|dermatitis,"Eczema, dermatitis",598,snpnet,PGP000244,35324888,https://ftp.ebi.ac.uk/pub/databases/spot/pgs/scores/PGS000944/ScoringFiles/PGS000944.txt.gz,data/pgs/scoring_files/PGS000944.txt.gz
PGS000943,GBE_HC1126,HP_0001082,Cholecystitis,Cholecystitis (time-to-event),5,snpnet,PGP000244,35324888,https://ftp.ebi.ac.uk/pub/databases/spot/pgs/scores/PGS000943/ScoringFiles/PGS000943.txt.gz,data/pgs/scoring_files/PGS000943.txt.gz
PGS001861,portability-PLR_574,HP_0001082|MONDO_0012672,Cholecystitis|cholelithiasis,Cholelithiasis and cholecystitis,2059,Penalized regression (bigstatsr),PGP000263,34995502,https://ftp.ebi.ac.uk/pub/databases/spot/pgs/scores/PGS001861/ScoringFiles/PGS001861.txt.gz,data/pgs/scoring_files/PGS001861.txt.gz
PGS000941,GBE_HC868,HP_0001094,Iridocyclitis,Iridocyclitis (time-to-event),1,snpnet,PGP000244,35324888,https://ftp.ebi.ac.uk/pub/databases/spot/pgs/scores/PGS000941/ScoringFiles/PGS000941.txt.gz,data/pgs/scoring_files/PGS000941.txt.gz
PGS001881,portability-PLR_735.3,HP_0001822,Hallux valgus,Hallux valgus (Bunion),4527,Penalized regression (bigstatsr),PGP000263,34995502,https://ftp.ebi.ac.uk/pub/databases/spot/pgs/scores/PGS001881/ScoringFiles/PGS001881.txt.gz,data/pgs/scoring_files/PGS001881.txt.gz
PGS018876,TPMI_280.2_Lassosum2,HP_0001891,Iron deficiency anemia,Iron deficiency anemia secondary to blood loss chronic,7519,Lassosum2,PGP000835,41094136,https://ftp.ebi.ac.uk/pub/databases/spot/pgs/scores/PGS018876/ScoringFiles/PGS018876.txt.gz,data/pgs/scoring_files/PGS018876.txt.gz
PGS001820,portability-PLR_251.1,HP_0001943,Hypoglycemia,Hypoglycemia,187,Penalized regression (bigstatsr),PGP000263,34995502,https://ftp.ebi.ac.uk/pub/databases/spot/pgs/scores/PGS001820/ScoringFiles/PGS001820.txt.gz,data/pgs/scoring_files/PGS001820.txt.gz
PGS000940,GBE_HC1132,HP_0002024,Malabsorption,Intestinal malabsorption (time-to-event),443,snpnet,PGP000244,35324888,https://ftp.ebi.ac.uk/pub/databases/spot/pgs/scores/PGS000940/ScoringFiles/PGS000940.txt.gz,data/pgs/scoring_files/PGS000940.txt.gz
PGS001395,GBE_INI21025,HP_0002027,Abdominal pain,Frequency of discomfort/pain in abdomen in last 3 months,256,snpnet,PGP000244,35324888,https://ftp.ebi.ac.uk/pub/databases/spot/pgs/scores/PGS001395/ScoringFiles/PGS001395.txt.gz,data/pgs/scoring_files/PGS001395.txt.gz
PGS000939,GBE_HC310,HP_0002036,Hiatus hernia,Hiatus hernia,2553,snpnet,PGP000244,35324888,https://ftp.ebi.ac.uk/pub/databases/spot/pgs/scores/PGS000939/ScoringFiles/PGS000939.txt.gz,data/pgs/scoring_files/PGS000939.txt.gz
PGS004322,GRS30_IS,HP_0002140|MONDO_0005098,Ischemic stroke|stroke disorder,Ischemic stroke,30,Genome-wide significant SNPs,PGP000555,36926049,https://ftp.ebi.ac.uk/pub/databases/spot/pgs/scores/PGS004322/ScoringFiles/PGS004322.txt.gz,data/pgs/scoring_files/PGS004322.txt.gz
PGS019106,TPMI_386.21_Lassosum2,HP_0002321,Vertigo,Central origin vertigo,408,Lassosum2,PGP000835,41094136,https://ftp.ebi.ac.uk/pub/databases/spot/pgs/scores/PGS019106/ScoringFiles/PGS019106.txt.gz,data/pgs/scoring_files/PGS019106.txt.gz
PGS000938,GBE_HC990,HP_0002619,Varicose veins,Varicose veins of lower extremities (time-to-event),2563,snpnet,PGP000244,35324888,https://ftp.ebi.ac.uk/pub/databases/spot/pgs/scores/PGS000938/ScoringFiles/PGS000938.txt.gz,data/pgs/scoring_files/PGS000938.txt.gz
PGS018856,TPMI_279_Lassosum2,HP_0002721,Immunodeficiency,Disorders involving the immune mechanism,12,Lassosum2,PGP000835,41094136,https://ftp.ebi.ac.uk/pub/databases/spot/pgs/scores/PGS018856/ScoringFiles/PGS018856.txt.gz,data/pgs/scoring_files/PGS018856.txt.gz
PGS001522,GBE_HC1213,HP_0003040,Arthropathy,Psoriatic and enteropathic arthropathies (time-to-event),17,snpnet,PGP000244,35324888,https://ftp.ebi.ac.uk/pub/databases/spot/pgs/scores/PGS001522/ScoringFiles/PGS001522.txt.gz,data/pgs/scoring_files/PGS001522.txt.gz
PGS000914,PRS6_EC,HP_0003115,Abnormal EKG,Abnormal electrocardiogram,6,Candidate SNPs significantly associated with an abnormal electrocardiogram,PGP000241,33633301,https://ftp.ebi.ac.uk/pub/databases/spot/pgs/scores/PGS000914/ScoringFiles/PGS000914.txt.gz,data/pgs/scoring_files/PGS000914.txt.gz
PGS018801,TPMI_272.11_Lassosum2,HP_0003124,Hypercholesterolemia,Hypercholesterolemia,63,Lassosum2,PGP000835,41094136,https://ftp.ebi.ac.uk/pub/databases/spot/pgs/scores/PGS018801/ScoringFiles/PGS018801.txt.gz,data/pgs/scoring_files/PGS018801.txt.gz
PGS001844,portability-PLR_451,HP_0004418|MONDO_0004625,Thrombophlebitis|phlebitis,Phlebitis and thrombophlebitis,431,Penalized regression (bigstatsr),PGP000263,34995502,https://ftp.ebi.ac.uk/pub/databases/spot/pgs/scores/PGS001844/ScoringFiles/PGS001844.txt.gz,data/pgs/scoring_files/PGS001844.txt.gz
PGS005388,PAF_PRS,HP_0004757,Paroxysmal atrial fibrillation,Paroxysmal atrial fibrillation,122,LD-clumping and p-value thresholding (P+T) using GWAS summary statistics,PGP000775,42081549,https://ftp.ebi.ac.uk/pub/databases/spot/pgs/scores/PGS005388/ScoringFiles/PGS005388.txt.gz,data/pgs/scoring_files/PGS005388.txt.gz
PGS019205,TPMI_427.6_Lassosum2,HP_0006699,Premature atrial contractions,Premature beats,59,Lassosum2,PGP000835,41094136,https://ftp.ebi.ac.uk/pub/databases/spot/pgs/scores/PGS019205/ScoringFiles/PGS019205.txt.gz,data/pgs/scoring_files/PGS019205.txt.gz
PGS018981,TPMI_331_Lassosum2,HP_0007313,Cerebral degeneration,Other cerebral degenerations,9219,Lassosum2,PGP000835,41094136,https://ftp.ebi.ac.uk/pub/databases/spot/pgs/scores/PGS018981/ScoringFiles/PGS018981.txt.gz,data/pgs/scoring_files/PGS018981.txt.gz
PGS019757,TPMI_790.6_Lassosum2,HP_0010931,Abnormal circulating sodium concentration,Other abnormal blood chemistry,4,Lassosum2,PGP000835,41094136,https://ftp.ebi.ac.uk/pub/databases/spot/pgs/scores/PGS019757/ScoringFiles/PGS019757.txt.gz,data/pgs/scoring_files/PGS019757.txt.gz
PGS018729,TPMI_250.4_Lassosum2,HP_0011015,Abnormal blood glucose concentration,Abnormal glucose,32,Lassosum2,PGP000835,41094136,https://ftp.ebi.ac.uk/pub/databases/spot/pgs/scores/PGS018729/ScoringFiles/PGS018729.txt.gz,data/pgs/scoring_files/PGS018729.txt.gz
PGS019732,TPMI_764_Lassosum2,HP_0011868,Sciatica,Sciatica,1817,Lassosum2,PGP000835,41094136,https://ftp.ebi.ac.uk/pub/databases/spot/pgs/scores/PGS019732/ScoringFiles/PGS019732.txt.gz,data/pgs/scoring_files/PGS019732.txt.gz
PGS018435,TPMI_070.9_Lassosum2,HP_0012115,Hepatitis,Hepatitis NOS,60,Lassosum2,PGP000835,41094136,https://ftp.ebi.ac.uk/pub/databases/spot/pgs/scores/PGS018435/ScoringFiles/PGS018435.txt.gz,data/pgs/scoring_files/PGS018435.txt.gz
PGS004896,mAlb,HP_0012594,Moderate albuminuria,Microalbuminuria,29,Genome-wide significant SNPs,PGP000623,37446387,https://ftp.ebi.ac.uk/pub/databases/spot/pgs/scores/PGS004896/ScoringFiles/PGS004896.txt.gz,data/pgs/scoring_files/PGS004896.txt.gz
PGS018966,TPMI_327.5_Lassosum2,HP_0025234,Parasomnia,Parasomnia,5,Lassosum2,PGP000835,41094136,https://ftp.ebi.ac.uk/pub/databases/spot/pgs/scores/PGS018966/ScoringFiles/PGS018966.txt.gz,data/pgs/scoring_files/PGS018966.txt.gz
PGS000934,GBE_HC156,HP_0100582,Nasal polyposis,Nasal polyps,129,snpnet,PGP000244,35324888,https://ftp.ebi.ac.uk/pub/databases/spot/pgs/scores/PGS000934/ScoringFiles/PGS000934.txt.gz,data/pgs/scoring_files/PGS000934.txt.gz
PGS001514,GBE_INI87,MONDO_0000001,disease,Non-cancer illness year/age first occurred,273,snpnet,PGP000244,35324888,https://ftp.ebi.ac.uk/pub/databases/spot/pgs/scores/PGS001514/ScoringFiles/PGS001514.txt.gz,data/pgs/scoring_files/PGS001514.txt.gz
PGS001023,GBE_HC703,MONDO_0000226,mineral metabolism disease,Disorders of mineral metabolism (time-to-event),2,snpnet,PGP000244,35324888,https://ftp.ebi.ac.uk/pub/databases/spot/pgs/scores/PGS001023/ScoringFiles/PGS001023.txt.gz,data/pgs/scoring_files/PGS001023.txt.gz
PGS001814,portability-PLR_241.2,MONDO_0000334|MONDO_0001658,multinodular goiter|nontoxic goiter,Nontoxic multinodular goiter,322,Penalized regression (bigstatsr),PGP000263,34995502,https://ftp.ebi.ac.uk/pub/databases/spot/pgs/scores/PGS001814/ScoringFiles/PGS001814.txt.gz,data/pgs/scoring_files/PGS001814.txt.gz
PGS018515,TPMI_165_Lassosum2,MONDO_0000376,respiratory system cancer,Respiratory system cancer,1810,Lassosum2,PGP000835,41094136,https://ftp.ebi.ac.uk/pub/databases/spot/pgs/scores/PGS018515/ScoringFiles/PGS018515.txt.gz,data/pgs/scoring_files/PGS018515.txt.gz
PGS001812,portability-PLR_211,MONDO_0000385,benign digestive system neoplasm,Benign neoplasm of other parts of digestive system,801,Penalized regression (bigstatsr),PGP000263,34995502,https://ftp.ebi.ac.uk/pub/databases/spot/pgs/scores/PGS001812/ScoringFiles/PGS001812.txt.gz,data/pgs/scoring_files/PGS001812.txt.gz
PGS018951,TPMI_315_Lassosum2,MONDO_0000592,specific developmental disorder,Develomental delays and disorders,21,Lassosum2,PGP000835,41094136,https://ftp.ebi.ac.uk/pub/databases/spot/pgs/scores/PGS018951/ScoringFiles/PGS018951.txt.gz,data/pgs/scoring_files/PGS018951.txt.gz
PGS000213,PRS330_LumBHER2neg,MONDO_0000618,Her2-receptor negative breast cancer,Breast cancer intrinsic-like subtype (luminal B/HER2-negative-like),330,Fixed-effects two-stage polytomous model,PGP000088,32424353,https://ftp.ebi.ac.uk/pub/databases/spot/pgs/scores/PGS000213/ScoringFiles/PGS000213.txt.gz,data/pgs/scoring_files/PGS000213.txt.gz
PGS018620,TPMI_218_Lassosum2,MONDO_0000632,uterine benign neoplasm,Benign neoplasm of uterus,222,Lassosum2,PGP000835,41094136,https://ftp.ebi.ac.uk/pub/databases/spot/pgs/scores/PGS018620/ScoringFiles/PGS018620.txt.gz,data/pgs/scoring_files/PGS018620.txt.gz
PGS001885,portability-PLR_960.2,MONDO_0000775,drug allergy,Allergy/adverse effect of penicillin,95,Penalized regression (bigstatsr),PGP000263,34995502,https://ftp.ebi.ac.uk/pub/databases/spot/pgs/scores/PGS001885/ScoringFiles/PGS001885.txt.gz,data/pgs/scoring_files/PGS001885.txt.gz
PGS000932,GBE_HC1248,MONDO_0000812,vertebral column disorder,Other intervertebral disk disorders (time-to-event),111,snpnet,PGP000244,35324888,https://ftp.ebi.ac.uk/pub/databases/spot/pgs/scores/PGS000932/ScoringFiles/PGS000932.txt.gz,data/pgs/scoring_files/PGS000932.txt.gz
PGS000930,GBE_BIN_FC3006152,MONDO_0000831,thrombotic disease,Blood clot (diagnosed by doctor),118,snpnet,PGP000244,35324888,https://ftp.ebi.ac.uk/pub/databases/spot/pgs/scores/PGS000930/ScoringFiles/PGS000930.txt.gz,data/pgs/scoring_files/PGS000930.txt.gz
PGS001029,GBE_HC866,MONDO_0000942,corneal disorder,Other disorders of cornea (time-to-event),22,snpnet,PGP000244,35324888,https://ftp.ebi.ac.uk/pub/databases/spot/pgs/scores/PGS001029/ScoringFiles/PGS001029.txt.gz,data/pgs/scoring_files/PGS001029.txt.gz
PGS018480,TPMI_151_Lassosum2,MONDO_0001056,gastric cancer,Cancer of stomach,2,Lassosum2,PGP000835,41094136,https://ftp.ebi.ac.uk/pub/databases/spot/pgs/scores/PGS018480/ScoringFiles/PGS018480.txt.gz,data/pgs/scoring_files/PGS018480.txt.gz
PGS000958,GBE_HC273,MONDO_0001134,essential hypertension,Essential hypertension,9400,snpnet,PGP000244,35324888,https://ftp.ebi.ac.uk/pub/databases/spot/pgs/scores/PGS000958/ScoringFiles/PGS000958.txt.gz,data/pgs/scoring_files/PGS000958.txt.gz
PGS003736,PRS13_BlC,MONDO_0001187,urinary bladder cancer,Bladder cancer,13,Genome-wide significant SNPs,PGP000470,36739632,https://ftp.ebi.ac.uk/pub/databases/spot/pgs/scores/PGS003736/ScoringFiles/PGS003736.txt.gz,data/pgs/scoring_files/PGS003736.txt.gz
PGS001011,GBE_HC534,MONDO_0001209,common wart,Viral warts (time-to-event),5,snpnet,PGP000244,35324888,https://ftp.ebi.ac.uk/pub/databases/spot/pgs/scores/PGS001011/ScoringFiles/PGS001011.txt.gz,data/pgs/scoring_files/PGS001011.txt.gz
PGS018650,TPMI_241_Lassosum2,MONDO_0001252,toxic multinodular goitre,Nontoxic nodular goiter,2717,Lassosum2,PGP000835,41094136,https://ftp.ebi.ac.uk/pub/databases/spot/pgs/scores/PGS018650/ScoringFiles/PGS018650.txt.gz,data/pgs/scoring_files/PGS018650.txt.gz
PGS019687,TPMI_716.8_Lassosum2,MONDO_0001332,palindromic rheumatism,Palindromic rheumatism,40,Lassosum2,PGP000835,41094136,https://ftp.ebi.ac.uk/pub/databases/spot/pgs/scores/PGS019687/ScoringFiles/PGS019687.txt.gz,data/pgs/scoring_files/PGS019687.txt.gz
PGS000391,PRSWEB_PHECODE165.1_GWAS-Catalog-r2019-05-03-X165.1_PT_MGI_20200608,MONDO_0001407|MONDO_0001672|MONDO_0008903,tracheal cancer|bronchus cancer|lung cancer,Lung and bronchus cancer,14,Pruning and Thresholding (P+T),PGP000118,32991828,https://ftp.ebi.ac.uk/pub/databases/spot/pgs/scores/PGS000391/ScoringFiles/PGS000391.txt.gz,data/pgs/scoring_files/PGS000391.txt.gz
PGS019666,TPMI_715_Lassosum2,MONDO_0001434,inflammatory spondylopathy,Other inflammatory spondylopathies,27,Lassosum2,PGP000835,41094136,https://ftp.ebi.ac.uk/pub/databases/spot/pgs/scores/PGS019666/ScoringFiles/PGS019666.txt.gz,data/pgs/scoring_files/PGS019666.txt.gz
PGS001033,GBE_HC624,MONDO_0001531,blood coagulation disease,Other coagulation defects (time-to-event),1,snpnet,PGP000244,35324888,https://ftp.ebi.ac.uk/pub/databases/spot/pgs/scores/PGS001033/ScoringFiles/PGS001033.txt.gz,data/pgs/scoring_files/PGS001033.txt.gz
PGS001867,portability-PLR_618,MONDO_0001592,prolapse of female genital organ,Genital prolapse,9708,Penalized regression (bigstatsr),PGP000263,34995502,https://ftp.ebi.ac.uk/pub/databases/spot/pgs/scores/PGS001867/ScoringFiles/PGS001867.txt.gz,data/pgs/scoring_files/PGS001867.txt.gz
PGS000929,GBE_HC1583,MONDO_0001627,dementia,All-cause dementia (algorithmically-defined),6,snpnet,PGP000244,35324888,https://ftp.ebi.ac.uk/pub/databases/spot/pgs/scores/PGS000929/ScoringFiles/PGS000929.txt.gz,data/pgs/scoring_files/PGS000929.txt.gz
PGS000945,GBE_HC710,MONDO_0001627|MONDO_0004975,dementia|Alzheimer disease,Dementia in Alzheimer's disease (time-to-event),26,snpnet,PGP000244,35324888,https://ftp.ebi.ac.uk/pub/databases/spot/pgs/scores/PGS000945/ScoringFiles/PGS000945.txt.gz,data/pgs/scoring_files/PGS000945.txt.gz
PGS000624,PRSWEB_PHECODE191.11_GWAS-Catalog-r2019-05-03-X191.11_PT_UKB_20200608,MONDO_0001657,brain cancer,Brain cancer,5,Pruning and Thresholding (P+T),PGP000118,32991828,https://ftp.ebi.ac.uk/pub/databases/spot/pgs/scores/PGS000624/ScoringFiles/PGS000624.txt.gz,data/pgs/scoring_files/PGS000624.txt.gz
PGS000928,GBE_HC644,MONDO_0001658,nontoxic goiter,Other non-toxic goitre (time-to-event),170,snpnet,PGP000244,35324888,https://ftp.ebi.ac.uk/pub/databases/spot/pgs/scores/PGS000928/ScoringFiles/PGS000928.txt.gz,data/pgs/scoring_files/PGS000928.txt.gz
PGS018520,TPMI_165.1_Lassosum2,MONDO_0001672,bronchus cancer,Cancer of bronchus lung,1869,Lassosum2,PGP000835,41094136,https://ftp.ebi.ac.uk/pub/databases/spot/pgs/scores/PGS018520/ScoringFiles/PGS018520.txt.gz,data/pgs/scoring_files/PGS018520.txt.gz
PGS019096,TPMI_386.3_Lassosum2,MONDO_0002008,labyrinthitis,Labyrinthitis,245,Lassosum2,PGP000835,41094136,https://ftp.ebi.ac.uk/pub/databases/spot/pgs/scores/PGS019096/ScoringFiles/PGS019096.txt.gz,data/pgs/scoring_files/PGS019096.txt.gz
PGS003442,GRS8_MD,MONDO_0002009,major depressive disorder,Major depressive disorder,8,Genome-wide significant SNPs,PGP000444,36653486,https://ftp.ebi.ac.uk/pub/databases/spot/pgs/scores/PGS003442/ScoringFiles/PGS003442.txt.gz,data/pgs/scoring_files/PGS003442.txt.gz
PGS018640,TPMI_228_Lassosum2,MONDO_0002013|MONDO_0006500,lymphangioma|hemangioma,Hemangioma and lymphangioma any site,488,Lassosum2,PGP000835,41094136,https://ftp.ebi.ac.uk/pub/databases/spot/pgs/scores/PGS018640/ScoringFiles/PGS018640.txt.gz,data/pgs/scoring_files/PGS018640.txt.gz
PGS000381,PRSWEB_PHECODE153.2_UKBB-SAIGE-HRC-X153.2_PT_MGI_20200608,MONDO_0002032,colon carcinoma,Colon cancer,12,Pruning and Thresholding (P+T),PGP000118,32991828,https://ftp.ebi.ac.uk/pub/databases/spot/pgs/scores/PGS000381/ScoringFiles/PGS000381.txt.gz,data/pgs/scoring_files/PGS000381.txt.gz
PGS001829,portability-PLR_296.2,MONDO_0002050,depressive disorder,Depression,7534,Penalized regression (bigstatsr),PGP000263,34995502,https://ftp.ebi.ac.uk/pub/databases/spot/pgs/scores/PGS001829/ScoringFiles/PGS001829.txt.gz,data/pgs/scoring_files/PGS001829.txt.gz
PGS018580,TPMI_193_Lassosum2,MONDO_0002108,thyroid cancer,Thyroid cancer,966,Lassosum2,PGP000835,41094136,https://ftp.ebi.ac.uk/pub/databases/spot/pgs/scores/PGS018580/ScoringFiles/PGS018580.txt.gz,data/pgs/scoring_files/PGS018580.txt.gz
PGS019016,TPMI_362.2_Lassosum2,MONDO_0002175,degeneration of macula and posterior pole,Degeneration of macula and posterior pole of retina,4,Lassosum2,PGP000835,41094136,https://ftp.ebi.ac.uk/pub/databases/spot/pgs/scores/PGS019016/ScoringFiles/PGS019016.txt.gz,data/pgs/scoring_files/PGS019016.txt.gz
PGS018610,TPMI_208_Lassosum2,MONDO_0002278,benign colon neoplasm,Benign neoplasm of colon,1006,Lassosum2,PGP000835,41094136,https://ftp.ebi.ac.uk/pub/databases/spot/pgs/scores/PGS018610/ScoringFiles/PGS018610.txt.gz,data/pgs/scoring_files/PGS018610.txt.gz
PGS001823,portability-PLR_275.1,MONDO_0002279,iron metabolism disease,Disorders of iron metabolism,654,Penalized regression (bigstatsr),PGP000263,34995502,https://ftp.ebi.ac.uk/pub/databases/spot/pgs/scores/PGS001823/ScoringFiles/PGS001823.txt.gz,data/pgs/scoring_files/PGS001823.txt.gz
PGS018886,TPMI_285_Lassosum2,MONDO_0002280,anemia,Other anemias,136,Lassosum2,PGP000835,41094136,https://ftp.ebi.ac.uk/pub/databases/spot/pgs/scores/PGS018886/ScoringFiles/PGS018886.txt.gz,data/pgs/scoring_files/PGS018886.txt.gz
PGS001305,GBE_HC608,MONDO_0002280|MONDO_0020696,anemia|vitamin B12 deficiency,Vitamin B12 deficiency induced anemia (time-to-event),121,snpnet,PGP000244,35324888,https://ftp.ebi.ac.uk/pub/databases/spot/pgs/scores/PGS001305/ScoringFiles/PGS001305.txt.gz,data/pgs/scoring_files/PGS001305.txt.gz
PGS018465,TPMI_149_Lassosum2,MONDO_0002352,larynx cancer,Cancer of larynx pharynx nasal cavities,4,Lassosum2,PGP000835,41094136,https://ftp.ebi.ac.uk/pub/databases/spot/pgs/scores/PGS018465/ScoringFiles/PGS018465.txt.gz,data/pgs/scoring_files/PGS018465.txt.gz
PGS001014,GBE_HC654,MONDO_0002356,pancreas disorder,Other disorders of pancreatic internal secretion (time-to-event),69,snpnet,PGP000244,35324888,https://ftp.ebi.ac.uk/pub/databases/spot/pgs/scores/PGS001014/ScoringFiles/PGS001014.txt.gz,data/pgs/scoring_files/PGS001014.txt.gz
PGS000605,PRSWEB_PHECODE189.11_GWAS-Catalog-r2019-05-03-X189.11_P_5e-08_UKB_20200608,MONDO_0002367,kidney cancer,"Malignant neoplasm of kidney, except pelvis",12,GWAS Hits,PGP000118,32991828,https://ftp.ebi.ac.uk/pub/databases/spot/pgs/scores/PGS000605/ScoringFiles/PGS000605.txt.gz,data/pgs/scoring_files/PGS000605.txt.gz
PGS000927,GBE_HC1158,MONDO_0002406,dermatitis,Other dermatitis (time-to-event),242,snpnet,PGP000244,35324888,https://ftp.ebi.ac.uk/pub/databases/spot/pgs/scores/PGS000927/ScoringFiles/PGS000927.txt.gz,data/pgs/scoring_files/PGS000927.txt.gz
PGS000075,CC_Endo,MONDO_0002447,endometrial carcinoma,Endometrial cancer,9,Genome-wide significant variants,PGP000050,33579919,https://ftp.ebi.ac.uk/pub/databases/spot/pgs/scores/PGS000075/ScoringFiles/PGS000075.txt.gz,data/pgs/scoring_files/PGS000075.txt.gz
PGS018510,TPMI_158_Lassosum2,MONDO_0002516,digestive system cancer,Neoplasm of unspecified nature of digestive system,26,Lassosum2,PGP000835,41094136,https://ftp.ebi.ac.uk/pub/databases/spot/pgs/scores/PGS018510/ScoringFiles/PGS018510.txt.gz,data/pgs/scoring_files/PGS018510.txt.gz
PGS018796,TPMI_272.9_Lassosum2,MONDO_0002525,inherited lipid metabolism disorder,Unspecified disorder of lipoid metabolism,3795,Lassosum2,PGP000835,41094136,https://ftp.ebi.ac.uk/pub/databases/spot/pgs/scores/PGS018796/ScoringFiles/PGS018796.txt.gz,data/pgs/scoring_files/PGS018796.txt.gz
PGS000399,PRSWEB_PHECODE172_20001-1003_PT_MGI_20200608,MONDO_0002656,skin carcinoma,Skin cancer,6,Pruning and Thresholding (P+T),PGP000118,32991828,https://ftp.ebi.ac.uk/pub/databases/spot/pgs/scores/PGS000399/ScoringFiles/PGS000399.txt.gz,data/pgs/scoring_files/PGS000399.txt.gz
PGS019542,TPMI_613_Lassosum2,MONDO_0002657,breast disorder,Other nonmalignant breast conditions,2767,Lassosum2,PGP000835,41094136,https://ftp.ebi.ac.uk/pub/databases/spot/pgs/scores/PGS019542/ScoringFiles/PGS019542.txt.gz,data/pgs/scoring_files/PGS019542.txt.gz
PGS018500,TPMI_155_Lassosum2,MONDO_0002691,liver cancer,Cancer of liver and intrahepatic bile duct,20,Lassosum2,PGP000835,41094136,https://ftp.ebi.ac.uk/pub/databases/spot/pgs/scores/PGS018500/ScoringFiles/PGS018500.txt.gz,data/pgs/scoring_files/PGS018500.txt.gz
PGS000619,PRSWEB_PHECODE191.1_GWAS-Catalog-r2019-05-03-X191.1_PT_UKB_20200608,MONDO_0002714,central nervous system cancer,Brain and nervous system cancer,19,Pruning and Thresholding (P+T),PGP000118,32991828,https://ftp.ebi.ac.uk/pub/databases/spot/pgs/scores/PGS000619/ScoringFiles/PGS000619.txt.gz,data/pgs/scoring_files/PGS000619.txt.gz
PGS000541,PRSWEB_PHECODE182_GWAS-Catalog-r2019-05-03-X182_P_5e-08_UKB_20200608,MONDO_0002715,uterine cancer,Malignant neoplasm of uterus,18,GWAS Hits,PGP000118,32991828,https://ftp.ebi.ac.uk/pub/databases/spot/pgs/scores/PGS000541/ScoringFiles/PGS000541.txt.gz,data/pgs/scoring_files/PGS000541.txt.gz
PGS001030,GBE_HC84,MONDO_0002771,pulmonary fibrosis,Pulmonary fibrosis,51,snpnet,PGP000244,35324888,https://ftp.ebi.ac.uk/pub/databases/spot/pgs/scores/PGS001030/ScoringFiles/PGS001030.txt.gz,data/pgs/scoring_files/PGS001030.txt.gz
PGS000437,PRSWEB_PHECODE172.2_C44_P_5e-08_MGI_20200608,MONDO_0002898,skin cancer,Other non-epithelial skin cancer,63,GWAS Hits,PGP000118,32991828,https://ftp.ebi.ac.uk/pub/databases/spot/pgs/scores/PGS000437/ScoringFiles/PGS000437.txt.gz,data/pgs/scoring_files/PGS000437.txt.gz
PGS001873,portability-PLR_704,MONDO_0002917,disorder of pilosebaceous unit,Diseases of hair and hair follicles,461,Penalized regression (bigstatsr),PGP000263,34995502,https://ftp.ebi.ac.uk/pub/databases/spot/pgs/scores/PGS001873/ScoringFiles/PGS001873.txt.gz,data/pgs/scoring_files/PGS001873.txt.gz
PGS018540,TPMI_180_Lassosum2,MONDO_0002974,cervical cancer,Cervical cancer and dysplasia,32,Lassosum2,PGP000835,41094136,https://ftp.ebi.ac.uk/pub/databases/spot/pgs/scores/PGS018540/ScoringFiles/PGS018540.txt.gz,data/pgs/scoring_files/PGS018540.txt.gz
PGS001013,GBE_BIN_FC5006148,MONDO_0003004,macular degeneration,Macular degeneration,53,snpnet,PGP000244,35324888,https://ftp.ebi.ac.uk/pub/databases/spot/pgs/scores/PGS001013/ScoringFiles/PGS001013.txt.gz,data/pgs/scoring_files/PGS001013.txt.gz
PGS001015,GBE_HC85,MONDO_0003105,prostate disorder,Enlarged prostate,449,snpnet,PGP000244,35324888,https://ftp.ebi.ac.uk/pub/databases/spot/pgs/scores/PGS001015/ScoringFiles/PGS001015.txt.gz,data/pgs/scoring_files/PGS001015.txt.gz
PGS002619,disease_THYROID_ANY_SELF_REP.P+T.5e-08,MONDO_0003240,thyroid gland disorder,Thyroid (self-reported conditions),548,Pruning and Thresholding (P+T),PGP000332,35393596,https://ftp.ebi.ac.uk/pub/databases/spot/pgs/scores/PGS002619/ScoringFiles/PGS002619.txt.gz,data/pgs/scoring_files/PGS002619.txt.gz
PGS001832,portability-PLR_351,MONDO_0003620,peripheral nervous system disorder,Other peripheral nerve disorders,8393,Penalized regression (bigstatsr),PGP000263,34995502,https://ftp.ebi.ac.uk/pub/databases/spot/pgs/scores/PGS001832/ScoringFiles/PGS001832.txt.gz,data/pgs/scoring_files/PGS001832.txt.gz
PGS018881,TPMI_282_Lassosum2,MONDO_0003689,familial hemolytic anemia,Hereditary hemolytic anemias,388,Lassosum2,PGP000835,41094136,https://ftp.ebi.ac.uk/pub/databases/spot/pgs/scores/PGS018881/ScoringFiles/PGS018881.txt.gz,data/pgs/scoring_files/PGS018881.txt.gz
PGS001025,GBE_HC951,MONDO_0003803,aortic valve disorder,Nonrheumatic aortic valve disorders (time-to-event),36,snpnet,PGP000244,35324888,https://ftp.ebi.ac.uk/pub/databases/spot/pgs/scores/PGS001025/ScoringFiles/PGS001025.txt.gz,data/pgs/scoring_files/PGS001025.txt.gz
PGS000959,GBE_HC136,MONDO_0003900,connective tissue disorder,Connective tissue disorder,16,snpnet,PGP000244,35324888,https://ftp.ebi.ac.uk/pub/databases/spot/pgs/scores/PGS000959/ScoringFiles/PGS000959.txt.gz,data/pgs/scoring_files/PGS000959.txt.gz
PGS018689,TPMI_245_Lassosum2,MONDO_0004126,thyroiditis,Thyroiditis,2574,Lassosum2,PGP000835,41094136,https://ftp.ebi.ac.uk/pub/databases/spot/pgs/scores/PGS018689/ScoringFiles/PGS018689.txt.gz,data/pgs/scoring_files/PGS018689.txt.gz
PGS012562,PRS8_PU,MONDO_0004247,peptic ulcer disease,Peptic ulcer disease,8,Genome-wide significant SNPs,PGP000802,38218525,https://ftp.ebi.ac.uk/pub/databases/spot/pgs/scores/PGS012562/ScoringFiles/PGS012562.txt.gz,data/pgs/scoring_files/PGS012562.txt.gz
PGS001858,portability-PLR_564,MONDO_0004335,digestive system disorder,Functional digestive disorders,764,Penalized regression (bigstatsr),PGP000263,34995502,https://ftp.ebi.ac.uk/pub/databases/spot/pgs/scores/PGS001858/ScoringFiles/PGS001858.txt.gz,data/pgs/scoring_files/PGS001858.txt.gz
PGS018535,TPMI_174.11_Lassosum2,MONDO_0004379,female breast carcinoma,Malignant neoplasm of female breast,2319,Lassosum2,PGP000835,41094136,https://ftp.ebi.ac.uk/pub/databases/spot/pgs/scores/PGS018535/ScoringFiles/PGS018535.txt.gz,data/pgs/scoring_files/PGS018535.txt.gz
PGS001043,GBE_HC55,MONDO_0004425|MONDO_0010138,hyperthyroidism|thyrotoxicosis,"Hyperthyroidism, thyrotoxicosis",69,snpnet,PGP000244,35324888,https://ftp.ebi.ac.uk/pub/databases/spot/pgs/scores/PGS001043/ScoringFiles/PGS001043.txt.gz,data/pgs/scoring_files/PGS001043.txt.gz
PGS019021,TPMI_362.6_Lassosum2,MONDO_0004580,retinal degeneration,Peripheral retinal degenerations,107,Lassosum2,PGP000835,41094136,https://ftp.ebi.ac.uk/pub/databases/spot/pgs/scores/PGS019021/ScoringFiles/PGS019021.txt.gz,data/pgs/scoring_files/PGS019021.txt.gz
PGS001840,portability-PLR_415,MONDO_0004596,cor pulmonale,Pulmonary heart disease,330,Penalized regression (bigstatsr),PGP000263,34995502,https://ftp.ebi.ac.uk/pub/databases/spot/pgs/scores/PGS001840/ScoringFiles/PGS001840.txt.gz,data/pgs/scoring_files/PGS001840.txt.gz
PGS001852,portability-PLR_535.6,MONDO_0004627,duodenitis,Duodenitis,191,Penalized regression (bigstatsr),PGP000263,34995502,https://ftp.ebi.ac.uk/pub/databases/spot/pgs/scores/PGS001852/ScoringFiles/PGS001852.txt.gz,data/pgs/scoring_files/PGS001852.txt.gz
PGS018460,TPMI_145.2_Lassosum2,MONDO_0004631,tongue cancer,Tongue cancer,11,Lassosum2,PGP000835,41094136,https://ftp.ebi.ac.uk/pub/databases/spot/pgs/scores/PGS018460/ScoringFiles/PGS018460.txt.gz,data/pgs/scoring_files/PGS018460.txt.gz
PGS000470,PRSWEB_PHECODE172.3_UKBB-SAIGE-HRC-X172.3_PT_MGI_20200608,MONDO_0004641,skin carcinoma in situ,Carcinoma in situ of skin,5,Pruning and Thresholding (P+T),PGP000118,32991828,https://ftp.ebi.ac.uk/pub/databases/spot/pgs/scores/PGS000470/ScoringFiles/PGS000470.txt.gz,data/pgs/scoring_files/PGS000470.txt.gz
PGS001179,GBE_HC711,MONDO_0004648,vascular dementia,Vascular dementia (time-to-event),7,snpnet,PGP000244,35324888,https://ftp.ebi.ac.uk/pub/databases/spot/pgs/scores/PGS001179/ScoringFiles/PGS001179.txt.gz,data/pgs/scoring_files/PGS001179.txt.gz
PGS001870,portability-PLR_695.4,MONDO_0004670,lupus erythematosus,Lupus (localized and systemic),87,Penalized regression (bigstatsr),PGP000263,34995502,https://ftp.ebi.ac.uk/pub/databases/spot/pgs/scores/PGS001870/ScoringFiles/PGS001870.txt.gz,data/pgs/scoring_files/PGS001870.txt.gz
PGS018450,TPMI_110.13_Lassosum2,MONDO_0004678,dermatophytosis,Dermatophytosis of the body,54,Lassosum2,PGP000835,41094136,https://ftp.ebi.ac.uk/pub/databases/spot/pgs/scores/PGS018450/ScoringFiles/PGS018450.txt.gz,data/pgs/scoring_files/PGS018450.txt.gz
PGS001326,GBE_HC431,MONDO_0004849,pulmonary emphysema,Emphysema,42,snpnet,PGP000244,35324888,https://ftp.ebi.ac.uk/pub/databases/spot/pgs/scores/PGS001326/ScoringFiles/PGS001326.txt.gz,data/pgs/scoring_files/PGS001326.txt.gz
PGS019390,TPMI_575_Lassosum2,MONDO_0004868,biliary tract disorder,Other biliary tract disease,114,Lassosum2,PGP000835,41094136,https://ftp.ebi.ac.uk/pub/databases/spot/pgs/scores/PGS019390/ScoringFiles/PGS019390.txt.gz,data/pgs/scoring_files/PGS019390.txt.gz
PGS001024,GBE_HC61,MONDO_0004872,hemorrhoid,Hemorrhoid,786,snpnet,PGP000244,35324888,https://ftp.ebi.ac.uk/pub/databases/spot/pgs/scores/PGS001024/ScoringFiles/PGS001024.txt.gz,data/pgs/scoring_files/PGS001024.txt.gz
PGS001879,portability-PLR_727.4,MONDO_0004874,ganglion or cyst of synovium/tendon/bursa,"Ganglion and cyst of synovium, tendon, and bursa",210,Penalized regression (bigstatsr),PGP000263,34995502,https://ftp.ebi.ac.uk/pub/databases/spot/pgs/scores/PGS001879/ScoringFiles/PGS001879.txt.gz,data/pgs/scoring_files/PGS001879.txt.gz
PGS000650,PRSWEB_PHECODE204.12_UKBB-SAIGE-HRC-X204.12_PT_MGI_20200608,MONDO_0004948,B-cell chronic lymphocytic leukemia,Chronic lymphocytic leukemia,6,Pruning and Thresholding (P+T),PGP000118,32991828,https://ftp.ebi.ac.uk/pub/databases/spot/pgs/scores/PGS000650/ScoringFiles/PGS000650.txt.gz,data/pgs/scoring_files/PGS000650.txt.gz
PGS000638,PRSWEB_PHECODE201_GWAS-Catalog-r2019-05-03-X201_P_5e-08_MGI_20200608,MONDO_0004952,Hodgkins lymphoma,Hodgkin's disease,16,GWAS Hits,PGP000118,32991828,https://ftp.ebi.ac.uk/pub/databases/spot/pgs/scores/PGS000638/ScoringFiles/PGS000638.txt.gz,data/pgs/scoring_files/PGS000638.txt.gz
PGS003448,PRS15_ALL,MONDO_0004967,acute lymphoblastic leukemia,Acute lymphoblastic leukemia,15,Genome-wide significant SNPs,PGP000448,36273105,https://ftp.ebi.ac.uk/pub/databases/spot/pgs/scores/PGS003448/ScoringFiles/PGS003448.txt.gz,data/pgs/scoring_files/PGS003448.txt.gz
PGS001349,GBE_HC807,MONDO_0004975,Alzheimer disease,Alzheimer's disease (time-to-event),6,snpnet,PGP000244,35324888,https://ftp.ebi.ac.uk/pub/databases/spot/pgs/scores/PGS001349/ScoringFiles/PGS001349.txt.gz,data/pgs/scoring_files/PGS001349.txt.gz
PGS000037,PGS_AST,MONDO_0004979,asthma,Asthma,15,Pruning and Thresholding (P+T),PGP000025,24429243,https://ftp.ebi.ac.uk/pub/databases/spot/pgs/scores/PGS000037/ScoringFiles/PGS000037.txt.gz,data/pgs/scoring_files/PGS000037.txt.gz
PGS004587,PRS23_AD,MONDO_0004980,atopic eczema,Atopic dermatitis,23,Genome-wide significant SNPs,PGP000566,36857917,https://ftp.ebi.ac.uk/pub/databases/spot/pgs/scores/PGS004587/ScoringFiles/PGS004587.txt.gz,data/pgs/scoring_files/PGS004587.txt.gz
PGS003459,PRS_CO,MONDO_0004980|MONDO_0005271,atopic eczema|allergic disease,Atopic eczema or atopic disease,170,Genome-wide significant SNPs,PGP000451,36804406,https://ftp.ebi.ac.uk/pub/databases/spot/pgs/scores/PGS003459/ScoringFiles/PGS003459.txt.gz,data/pgs/scoring_files/PGS003459.txt.gz
PGS012580,PRS25_AF,MONDO_0004981,atrial fibrillation,Atrial fibrillation,25,Genome-wide significant SNPs,PGP000814,38528394,https://ftp.ebi.ac.uk/pub/databases/spot/pgs/scores/PGS012580/ScoringFiles/PGS012580.txt.gz,data/pgs/scoring_files/PGS012580.txt.gz
PGS001339,GBE_HC964,MONDO_0004981|MONDO_0005310,atrial fibrillation|atrial flutter,Atrial fibrillation and flutter (time-to-event),2142,snpnet,PGP000244,35324888,https://ftp.ebi.ac.uk/pub/databases/spot/pgs/scores/PGS001339/ScoringFiles/PGS001339.txt.gz,data/pgs/scoring_files/PGS001339.txt.gz
PGS000152,cGRS_Bladder,MONDO_0004986,urinary bladder carcinoma,Bladder cancer,10,Pruning and Thresholding (P+T),PGP000075,30968590,https://ftp.ebi.ac.uk/pub/databases/spot/pgs/scores/PGS000152/ScoringFiles/PGS000152.txt.gz,data/pgs/scoring_files/PGS000152.txt.gz
PGS000521,PRSWEB_PHECODE174.1_iCOGS-ER-negative-BRCA_PT_MGI_20200608,MONDO_0004989,breast carcinoma,Breast cancer (female),9,Pruning and Thresholding (P+T),PGP000118,32991828,https://ftp.ebi.ac.uk/pub/databases/spot/pgs/scores/PGS000521/ScoringFiles/PGS000521.txt.gz,data/pgs/scoring_files/PGS000521.txt.gz
PGS018585,TPMI_195_Lassosum2,MONDO_0004992,cancer,Cancer suspected or other,1,Lassosum2,PGP000835,41094136,https://ftp.ebi.ac.uk/pub/databases/spot/pgs/scores/PGS018585/ScoringFiles/PGS018585.txt.gz,data/pgs/scoring_files/PGS018585.txt.gz
PGS004238,wGRS35,MONDO_0004995,cardiovascular disorder,Cardiovascular disease,35,Clumping and Thresholding (C+T),PGP000535,33350037,https://ftp.ebi.ac.uk/pub/databases/spot/pgs/scores/PGS004238/ScoringFiles/PGS004238.txt.gz,data/pgs/scoring_files/PGS004238.txt.gz
PGS012564,GRS22_COPD,MONDO_0005002,chronic obstructive pulmonary disease,Chronic obstructive pulmonary disease,22,genome-wide association SNPs,PGP000808,38225649,https://ftp.ebi.ac.uk/pub/databases/spot/pgs/scores/PGS012564/ScoringFiles/PGS012564.txt.gz,data/pgs/scoring_files/PGS012564.txt.gz
PGS001842,portability-PLR_428,MONDO_0005009,congestive heart failure,Congestive heart failure; nonhypertensive,2759,Penalized regression (bigstatsr),PGP000263,34995502,https://ftp.ebi.ac.uk/pub/databases/spot/pgs/scores/PGS001842/ScoringFiles/PGS001842.txt.gz,data/pgs/scoring_files/PGS001842.txt.gz
PGS000010,GRS27,MONDO_0005010,coronary artery disorder,Coronary heart disease,27,Genome-wide significant variants,PGP000003,25748612,https://ftp.ebi.ac.uk/pub/databases/spot/pgs/scores/PGS000010/ScoringFiles/PGS000010.txt.gz,data/pgs/scoring_files/PGS000010.txt.gz
PGS001330,GBE_HC1101,MONDO_0005011,Crohn disease,Crohn's disease [regional enteritis] (time-to-event),220,snpnet,PGP000244,35324888,https://ftp.ebi.ac.uk/pub/databases/spot/pgs/scores/PGS001330/ScoringFiles/PGS001330.txt.gz,data/pgs/scoring_files/PGS001330.txt.gz
PGS000339,PRS22_CM,MONDO_0005012,cutaneous melanoma,Cutaneous melanoma,22,Clumping and Thresholding (C+T),PGP000106,32716505,https://ftp.ebi.ac.uk/pub/databases/spot/pgs/scores/PGS000339/ScoringFiles/PGS000339.txt.gz,data/pgs/scoring_files/PGS000339.txt.gz
PGS002589,disease_DIABETES_ANY_DIAGNOSED.P+T.5e-08,MONDO_0005015,diabetes mellitus,Diabetes (any type),267,Pruning and Thresholding (P+T),PGP000332,35393596,https://ftp.ebi.ac.uk/pub/databases/spot/pgs/scores/PGS002589/ScoringFiles/PGS002589.txt.gz,data/pgs/scoring_files/PGS002589.txt.gz
PGS002592,disease_ENDOCRINE_DIABETES.P+T.5e-08,MONDO_0005015|MONDO_0005151,diabetes mellitus|endocrine system disorder,Endocrine and diabetes diseases,187,Pruning and Thresholding (P+T),PGP000332,35393596,https://ftp.ebi.ac.uk/pub/databases/spot/pgs/scores/PGS002592/ScoringFiles/PGS002592.txt.gz,data/pgs/scoring_files/PGS002592.txt.gz
PGS001516,GBE_HC1112,MONDO_0005020,intestinal disorder,Other diseases of intestine (time-to-event),90,snpnet,PGP000244,35324888,https://ftp.ebi.ac.uk/pub/databases/spot/pgs/scores/PGS001516/ScoringFiles/PGS001516.txt.gz,data/pgs/scoring_files/PGS001516.txt.gz
PGS018991,TPMI_345.1_Lassosum2,MONDO_0005027,epilepsy,Epilepsy,65,Lassosum2,PGP000835,41094136,https://ftp.ebi.ac.uk/pub/databases/spot/pgs/scores/PGS018991/ScoringFiles/PGS018991.txt.gz,data/pgs/scoring_files/PGS018991.txt.gz
PGS001322,GBE_HC276,MONDO_0005041,glaucoma,Glaucoma,655,snpnet,PGP000244,35324888,https://ftp.ebi.ac.uk/pub/databases/spot/pgs/scores/PGS001322/ScoringFiles/PGS001322.txt.gz,data/pgs/scoring_files/PGS001322.txt.gz
PGS003025,ExPRSweb_Hypertension_finngen-R4-I9_PT_UKB_20211120,MONDO_0005044,hypertensive disorder,Hypertension,9,Pruning and Thresholding (P+T),PGP000393,36152628,https://ftp.ebi.ac.uk/pub/databases/spot/pgs/scores/PGS003025/ScoringFiles/PGS003025.txt.gz,data/pgs/scoring_files/PGS003025.txt.gz
PGS000778,PRSHCM,MONDO_0005045,hypertrophic cardiomyopathy,Hypertrophic cardiomyopathy,20,Genome-wide significant variants,PGP000182,33495596,https://ftp.ebi.ac.uk/pub/databases/spot/pgs/scores/PGS000778/ScoringFiles/PGS000778.txt.gz,data/pgs/scoring_files/PGS000778.txt.gz
PGS000070,PRS_LC_C,MONDO_0005061,lung adenocarcinoma,Lung cancer,19,"Genomewide-significant SNPs, filtered to be specific to Chinese ancestry individuals",PGP000049,31326317,https://ftp.ebi.ac.uk/pub/databases/spot/pgs/scores/PGS000070/ScoringFiles/PGS000070.txt.gz,data/pgs/scoring_files/PGS000070.txt.gz
PGS001319,GBE_HC708,MONDO_0005066,metabolic disease,Other metabolic disorders (time-to-event),2,snpnet,PGP000244,35324888,https://ftp.ebi.ac.uk/pub/databases/spot/pgs/scores/PGS001319/ScoringFiles/PGS001319.txt.gz,data/pgs/scoring_files/PGS001319.txt.gz
PGS001317,GBE_BIN_FC1006150,MONDO_0005068,myocardial infarction,Vascular/heart problems diagnosed by doctor Heart attack,1030,snpnet,PGP000244,35324888,https://ftp.ebi.ac.uk/pub/databases/spot/pgs/scores/PGS001317/ScoringFiles/PGS001317.txt.gz,data/pgs/scoring_files/PGS001317.txt.gz
PGS018590,TPMI_195.1_Lassosum2,MONDO_0005070,neoplasm,Malignant neoplasm other,2,Lassosum2,PGP000835,41094136,https://ftp.ebi.ac.uk/pub/databases/spot/pgs/scores/PGS018590/ScoringFiles/PGS018590.txt.gz,data/pgs/scoring_files/PGS018590.txt.gz
PGS018926,TPMI_292_Lassosum2,MONDO_0005071,nervous system disorder,Neurological disorders,4,Lassosum2,PGP000835,41094136,https://ftp.ebi.ac.uk/pub/databases/spot/pgs/scores/PGS018926/ScoringFiles/PGS018926.txt.gz,data/pgs/scoring_files/PGS018926.txt.gz
PGS002261,PRS22_NB,MONDO_0005072,neuroblastoma,Neuroblastoma,22,Genome-wide independent SNPs,PGP000287,35131881,https://ftp.ebi.ac.uk/pub/databases/spot/pgs/scores/PGS002261/ScoringFiles/PGS002261.txt.gz,data/pgs/scoring_files/PGS002261.txt.gz
PGS004316,GRS-HLA,MONDO_0005083,psoriasis,Psoriasis,11,Genome-wide significant SNPs,PGP000547,37323656,https://ftp.ebi.ac.uk/pub/databases/spot/pgs/scores/PGS004316/ScoringFiles/PGS004316.txt.gz,data/pgs/scoring_files/PGS004316.txt.gz
PGS018921,TPMI_291.4_Lassosum2,MONDO_0005084,mental disorder,Specific nonpsychotic mental disorders due to brain damage,127,Lassosum2,PGP000835,41094136,https://ftp.ebi.ac.uk/pub/databases/spot/pgs/scores/PGS018921/ScoringFiles/PGS018921.txt.gz,data/pgs/scoring_files/PGS018921.txt.gz
PGS004245,PRS12_kidney,MONDO_0005086,renal cell carcinoma,Kidney cancer,12,PRSice-2,PGP000542,37087533,https://ftp.ebi.ac.uk/pub/databases/spot/pgs/scores/PGS004245/ScoringFiles/PGS004245.txt.gz,data/pgs/scoring_files/PGS004245.txt.gz
PGS002615,disease_RESPIRATORY_ENT.P+T.5e-08,MONDO_0005087,respiratory system disorder,Respiratory and ear-nose-throat diseases,382,Pruning and Thresholding (P+T),PGP000332,35393596,https://ftp.ebi.ac.uk/pub/databases/spot/pgs/scores/PGS002615/ScoringFiles/PGS002615.txt.gz,data/pgs/scoring_files/PGS002615.txt.gz
PGS002588,disease_DERMATOLOGY.P+T.5e-08,MONDO_0005093,skin disorder,Dermatologic diseases,240,Pruning and Thresholding (P+T),PGP000332,35393596,https://ftp.ebi.ac.uk/pub/databases/spot/pgs/scores/PGS002588/ScoringFiles/PGS002588.txt.gz,data/pgs/scoring_files/PGS002588.txt.gz
PGS000197,G-PROB_SpA,MONDO_0005095,spondyloarthropathy,Spondyloarthroparthy,31,Pruning and Thresholding (P+T),PGP000081,32461333,https://ftp.ebi.ac.uk/pub/databases/spot/pgs/scores/PGS000197/ScoringFiles/PGS000197.txt.gz,data/pgs/scoring_files/PGS000197.txt.gz
PGS000467,PRSWEB_PHECODE172.22_cSCC-Chahal_PT_MGI_20200608,MONDO_0005096,squamous cell carcinoma,Squamous cell carcinoma,6,Pruning and Thresholding (P+T),PGP000118,32991828,https://ftp.ebi.ac.uk/pub/databases/spot/pgs/scores/PGS000467/ScoringFiles/PGS000467.txt.gz,data/pgs/scoring_files/PGS000467.txt.gz
PGS003392,best_LUSC,MONDO_0005097,squamous cell lung carcinoma,Lung squamous cell carcinoma,90,Pruning and Thresholding (P+T),PGP000413,36286845,https://ftp.ebi.ac.uk/pub/databases/spot/pgs/scores/PGS003392/ScoringFiles/PGS003392.txt.gz,data/pgs/scoring_files/PGS003392.txt.gz
PGS012579,PRS11_stroke,MONDO_0005098,stroke disorder,Stroke,11,Genome-wide significant SNPs,PGP000814,38528394,https://ftp.ebi.ac.uk/pub/databases/spot/pgs/scores/PGS012579/ScoringFiles/PGS012579.txt.gz,data/pgs/scoring_files/PGS012579.txt.gz
PGS000341,GRS33_SSc,MONDO_0005100,systemic sclerosis,Systemic sclerosis,33,"LD Clumping, PRSice-2",PGP000110,33004331,https://ftp.ebi.ac.uk/pub/databases/spot/pgs/scores/PGS000341/ScoringFiles/PGS000341.txt.gz,data/pgs/scoring_files/PGS000341.txt.gz
PGS001306,GBE_HC201,MONDO_0005101,ulcerative colitis,Ulcerative colitis,179,snpnet,PGP000244,35324888,https://ftp.ebi.ac.uk/pub/databases/spot/pgs/scores/PGS001306/ScoringFiles/PGS001306.txt.gz,data/pgs/scoring_files/PGS001306.txt.gz
PGS000410,PRSWEB_PHECODE172.1_20001-1059_PT_MGI_20200608,MONDO_0005105,melanoma,Melanomas of skin (diagnosis or history),7,Pruning and Thresholding (P+T),PGP000118,32991828,https://ftp.ebi.ac.uk/pub/databases/spot/pgs/scores/PGS000410/ScoringFiles/PGS000410.txt.gz,data/pgs/scoring_files/PGS000410.txt.gz
PGS001303,GBE_HC872,MONDO_0005129,cataract,Other cataract (time-to-event),480,snpnet,PGP000244,35324888,https://ftp.ebi.ac.uk/pub/databases/spot/pgs/scores/PGS001303/ScoringFiles/PGS001303.txt.gz,data/pgs/scoring_files/PGS001303.txt.gz
PGS001300,GBE_BIN21068,MONDO_0005130,celiac disease,"Celiac disease or gluten sensitivity, diagnosed",9,snpnet,PGP000244,35324888,https://ftp.ebi.ac.uk/pub/databases/spot/pgs/scores/PGS001300/ScoringFiles/PGS001300.txt.gz,data/pgs/scoring_files/PGS001300.txt.gz
PGS000073,CC_Cervix,MONDO_0005131,cervical carcinoma,Cervical cancer,10,Genome-wide significant variants,PGP000050,33579919,https://ftp.ebi.ac.uk/pub/databases/spot/pgs/scores/PGS000073/ScoringFiles/PGS000073.txt.gz,data/pgs/scoring_files/PGS000073.txt.gz
PGS003447,PRS14_endo,MONDO_0005133,endometriosis,Endometriosis,14,GWAS-significant variants,PGP000447,36303976,https://ftp.ebi.ac.uk/pub/databases/spot/pgs/scores/PGS003447/ScoringFiles/PGS003447.txt.gz,data/pgs/scoring_files/PGS003447.txt.gz
PGS000156,cGRS_Lung,MONDO_0005138,lung carcinoma,Lung cancer,6,Pruning and Thresholding (P+T),PGP000075,30968590,https://ftp.ebi.ac.uk/pub/databases/spot/pgs/scores/PGS000156/ScoringFiles/PGS000156.txt.gz,data/pgs/scoring_files/PGS000156.txt.gz
PGS000158,cGRS_Ovarian,MONDO_0005140,ovarian carcinoma,Ovarian cancer,11,Pruning and Thresholding (P+T),PGP000075,30968590,https://ftp.ebi.ac.uk/pub/databases/spot/pgs/scores/PGS000158/ScoringFiles/PGS000158.txt.gz,data/pgs/scoring_files/PGS000158.txt.gz
PGS000023,AA_GRS,MONDO_0005147,type 1 diabetes mellitus,Type 1 diabetes (T1D),7,Genome-wide significant variants,PGP000013,30659077,https://ftp.ebi.ac.uk/pub/databases/spot/pgs/scores/PGS000023/ScoringFiles/PGS000023.txt.gz,data/pgs/scoring_files/PGS000023.txt.gz
PGS000849,T2D_Impaired_Lipids,MONDO_0005148,type 2 diabetes mellitus,Type 2 diabetes (based on SNPs associated with impaired lipids),3,Genome-wide significant variants,PGP000211,34737425,https://ftp.ebi.ac.uk/pub/databases/spot/pgs/scores/PGS000849/ScoringFiles/PGS000849.txt.gz,data/pgs/scoring_files/PGS000849.txt.gz
PGS002269,PRS47_AMD,MONDO_0005150,age-related macular degeneration,Age-related macular degeneration,47,Independent variants associated with AMD,PGP000299,35149155,https://ftp.ebi.ac.uk/pub/databases/spot/pgs/scores/PGS002269/ScoringFiles/PGS002269.txt.gz,data/pgs/scoring_files/PGS002269.txt.gz
PGS001293,GBE_HC1123,MONDO_0005154,liver disorder,Other diseases of liver (time-to-event),92,snpnet,PGP000244,35324888,https://ftp.ebi.ac.uk/pub/databases/spot/pgs/scores/PGS001293/ScoringFiles/PGS001293.txt.gz,data/pgs/scoring_files/PGS001293.txt.gz
PGS000776,GRS9_Cirr,MONDO_0005155,cirrhosis of liver,Cirrhosis,9,Variants significantly associated with alcohol-related cirrhosis,PGP000180,32561361,https://ftp.ebi.ac.uk/pub/databases/spot/pgs/scores/PGS000776/ScoringFiles/PGS000776.txt.gz,data/pgs/scoring_files/PGS000776.txt.gz
PGS000878,PRS4_PC,MONDO_0005159,prostate carcinoma,Prostate cancer,4,Clumping of genome-wide significant SNPs,PGP000224,33194723,https://ftp.ebi.ac.uk/pub/databases/spot/pgs/scores/PGS000878/ScoringFiles/PGS000878.txt.gz,data/pgs/scoring_files/PGS000878.txt.gz
PGS001290,GBE_HC376,MONDO_0005178,osteoarthritis,Osteoarthritis,579,snpnet,PGP000244,35324888,https://ftp.ebi.ac.uk/pub/databases/spot/pgs/scores/PGS001290/ScoringFiles/PGS001290.txt.gz,data/pgs/scoring_files/PGS001290.txt.gz
PGS001353,PRS6_PD,MONDO_0005180,Parkinson disease,Parkinson's disease,6,"4 Genome-wide significant SNPs, 2 Asian specific risk variants",PGP000250,34402545,https://ftp.ebi.ac.uk/pub/databases/spot/pgs/scores/PGS001353/ScoringFiles/PGS001353.txt.gz,data/pgs/scoring_files/PGS001353.txt.gz
PGS002264,PRS_Combined,MONDO_0005184,pancreatic ductal adenocarcinoma,Pancreatic ductal adenocarcinoma,49,Curated variants associated with pancreatic cancer,PGP000293,35065983,https://ftp.ebi.ac.uk/pub/databases/spot/pgs/scores/PGS002264/ScoringFiles/PGS002264.txt.gz,data/pgs/scoring_files/PGS002264.txt.gz
PGS000159,cGRS_Pancreatic,MONDO_0005192,exocrine pancreatic carcinoma,Pancreatic cancer,9,Pruning and Thresholding (P+T),PGP000075,30968590,https://ftp.ebi.ac.uk/pub/databases/spot/pgs/scores/PGS000159/ScoringFiles/PGS000159.txt.gz,data/pgs/scoring_files/PGS000159.txt.gz
PGS000161,cGRS_Renal,MONDO_0005206,renal carcinoma,Renal cancer,10,Pruning and Thresholding (P+T),PGP000075,30968590,https://ftp.ebi.ac.uk/pub/databases/spot/pgs/scores/PGS000161/ScoringFiles/PGS000161.txt.gz,data/pgs/scoring_files/PGS000161.txt.gz
PGS019532,TPMI_610.1_Lassosum2,MONDO_0005219,breast fibrocystic disease,Cystic mastopathy,1,Lassosum2,PGP000835,41094136,https://ftp.ebi.ac.uk/pub/databases/spot/pgs/scores/PGS019532/ScoringFiles/PGS019532.txt.gz,data/pgs/scoring_files/PGS019532.txt.gz
PGS001869,portability-PLR_681,MONDO_0005230,cellulitis,Superficial cellulitis and abscess,131,Penalized regression (bigstatsr),PGP000263,34995502,https://ftp.ebi.ac.uk/pub/databases/spot/pgs/scores/PGS001869/ScoringFiles/PGS001869.txt.gz,data/pgs/scoring_files/PGS001869.txt.gz
PGS019280,TPMI_480_Lassosum2,MONDO_0005249,pneumonia,Pneumonia,144,Lassosum2,PGP000835,41094136,https://ftp.ebi.ac.uk/pub/databases/spot/pgs/scores/PGS019280/ScoringFiles/PGS019280.txt.gz,data/pgs/scoring_files/PGS019280.txt.gz
PGS004598,PRS12_HF,MONDO_0005252,heart failure,Heart failure,12,Genome-wide significant SNPs,PGP000576,36839222,https://ftp.ebi.ac.uk/pub/databases/spot/pgs/scores/PGS004598/ScoringFiles/PGS004598.txt.gz,data/pgs/scoring_files/PGS004598.txt.gz
PGS004270,GenoBoost_inflammatory_bowel_disease_0,MONDO_0005265,inflammatory bowel disease,Inflammatory bowel disease,20,GenoBoost,PGP000546,38811555,https://ftp.ebi.ac.uk/pub/databases/spot/pgs/scores/PGS004270/ScoringFiles/PGS004270.txt.gz,data/pgs/scoring_files/PGS004270.txt.gz
PGS000862,DR,MONDO_0005266,diabetic retinopathy,Diabetic Retinopathy,30,Genome-wide significant variants,PGP000211,34737425,https://ftp.ebi.ac.uk/pub/databases/spot/pgs/scores/PGS000862/ScoringFiles/PGS000862.txt.gz,data/pgs/scoring_files/PGS000862.txt.gz
PGS000867,GRS10_Allergy,MONDO_0005271,allergic disease,Allergy,10,Genome-wide significant variants,PGP000213,29047167,https://ftp.ebi.ac.uk/pub/databases/spot/pgs/scores/PGS000867/ScoringFiles/PGS000867.txt.gz,data/pgs/scoring_files/PGS000867.txt.gz
PGS004797,migraine_PRSmix_eur,MONDO_0005277,migraine disorder,Migraine,23,PRSmix,PGP000604,38508198,https://ftp.ebi.ac.uk/pub/databases/spot/pgs/scores/PGS004797/ScoringFiles/PGS004797.txt.gz,data/pgs/scoring_files/PGS004797.txt.gz
PGS001280,GBE_HC943,MONDO_0005279,pulmonary embolism,PE (time-to-event),88,snpnet,PGP000244,35324888,https://ftp.ebi.ac.uk/pub/databases/spot/pgs/scores/PGS001280/ScoringFiles/PGS001280.txt.gz,data/pgs/scoring_files/PGS001280.txt.gz
PGS001275,GBE_HC880,MONDO_0005283,retinal disorder,Other retinal disorders (time-to-event),6,snpnet,PGP000244,35324888,https://ftp.ebi.ac.uk/pub/databases/spot/pgs/scores/PGS001275/ScoringFiles/PGS001275.txt.gz,data/pgs/scoring_files/PGS001275.txt.gz
PGS001843,portability-PLR_443.9,MONDO_0005294,peripheral vascular disease,"Peripheral vascular disease, unspecified",242,Penalized regression (bigstatsr),PGP000263,34995502,https://ftp.ebi.ac.uk/pub/databases/spot/pgs/scores/PGS001843/ScoringFiles/PGS001843.txt.gz,data/pgs/scoring_files/PGS001843.txt.gz
PGS003217,ExPRSweb_SleepApnea_finngen-R4-G6-SLEEPAPNO_DBSLMM_UKB_20211120,MONDO_0005296,sleep apnea syndrome,Sleep apnea,46,DBSLMM,PGP000393,36152628,https://ftp.ebi.ac.uk/pub/databases/spot/pgs/scores/PGS003217/ScoringFiles/PGS003217.txt.gz,data/pgs/scoring_files/PGS003217.txt.gz
PGS001273,GBE_HC22,MONDO_0005298,osteoporosis,Osteoporosis,316,snpnet,PGP000244,35324888,https://ftp.ebi.ac.uk/pub/databases/spot/pgs/scores/PGS001273/ScoringFiles/PGS001273.txt.gz,data/pgs/scoring_files/PGS001273.txt.gz
PGS000859,CKD,MONDO_0005300,chronic kidney disease,Chronic kidney disease,34,Genome-wide significant variants,PGP000211,34737425,https://ftp.ebi.ac.uk/pub/databases/spot/pgs/scores/PGS000859/ScoringFiles/PGS000859.txt.gz,data/pgs/scoring_files/PGS000859.txt.gz
PGS004700,HLA-GRS,MONDO_0005301,multiple sclerosis,Multiple sclerosis,12,Genome-wide significant alleles,PGP000603,38418465,https://ftp.ebi.ac.uk/pub/databases/spot/pgs/scores/PGS004700/ScoringFiles/PGS004700.txt.gz,data/pgs/scoring_files/PGS004700.txt.gz
PGS001267,GBE_HC422,MONDO_0005306,ankylosing spondylitis,Ankylosing spondylitis,10,snpnet,PGP000244,35324888,https://ftp.ebi.ac.uk/pub/databases/spot/pgs/scores/PGS001267/ScoringFiles/PGS001267.txt.gz,data/pgs/scoring_files/PGS001267.txt.gz
PGS001263,GBE_HC440,MONDO_0005310,atrial flutter,Atrial flutter,2087,snpnet,PGP000244,35324888,https://ftp.ebi.ac.uk/pub/databases/spot/pgs/scores/PGS001263/ScoringFiles/PGS001263.txt.gz,data/pgs/scoring_files/PGS001263.txt.gz
PGS001921,portability-PLR_fracture_5y,MONDO_0005315,bone fracture,Fractured/broken bones in last 5 years,7965,Penalized regression (bigstatsr),PGP000263,34995502,https://ftp.ebi.ac.uk/pub/databases/spot/pgs/scores/PGS001921/ScoringFiles/PGS001921.txt.gz,data/pgs/scoring_files/PGS001921.txt.gz
PGS001259,GBE_HC49,MONDO_0005324,seasonal allergic rhinitis,Hayfever/allergic rhinitis,349,snpnet,PGP000244,35324888,https://ftp.ebi.ac.uk/pub/databases/spot/pgs/scores/PGS001259/ScoringFiles/PGS001259.txt.gz,data/pgs/scoring_files/PGS001259.txt.gz
PGS001258,GBE_HC57,MONDO_0005325,radius fracture,Radius fracture,365,snpnet,PGP000244,35324888,https://ftp.ebi.ac.uk/pub/databases/spot/pgs/scores/PGS001258/ScoringFiles/PGS001258.txt.gz,data/pgs/scoring_files/PGS001258.txt.gz
PGS001257,GBE_INI1737,MONDO_0005326,sunburn,Childhood sunburn,519,snpnet,PGP000244,35324888,https://ftp.ebi.ac.uk/pub/databases/spot/pgs/scores/PGS001257/ScoringFiles/PGS001257.txt.gz,data/pgs/scoring_files/PGS001257.txt.gz
PGS019066,TPMI_379_Lassosum2,MONDO_0005328,eye disorder,Other disorders of eye,13,Lassosum2,PGP000835,41094136,https://ftp.ebi.ac.uk/pub/databases/spot/pgs/scores/PGS019066/ScoringFiles/PGS019066.txt.gz,data/pgs/scoring_files/PGS019066.txt.gz
PGS000350,GRS12_POAG,MONDO_0005338,open-angle glaucoma,Primary open-angle glaucoma,12,Genome-wide significant variants,PGP000115,31436842,https://ftp.ebi.ac.uk/pub/databases/spot/pgs/scores/PGS000350/ScoringFiles/PGS000350.txt.gz,data/pgs/scoring_files/PGS000350.txt.gz
PGS005282,GRS15_nephropathy,MONDO_0005342,IgA glomerulonephritis,IgA nephropathy,15,Genome-wide significant SNPs,PGP000756,38884057,https://ftp.ebi.ac.uk/pub/databases/spot/pgs/scores/PGS005282/ScoringFiles/PGS005282.txt.gz,data/pgs/scoring_files/PGS005282.txt.gz
PGS018424,TPMI_070.2_Lassosum2,MONDO_0005344,hepatitis B virus infection,Viral hepatitis B,4575,Lassosum2,PGP000835,41094136,https://ftp.ebi.ac.uk/pub/databases/spot/pgs/scores/PGS018424/ScoringFiles/PGS018424.txt.gz,data/pgs/scoring_files/PGS018424.txt.gz
PGS001256,GBE_HC188,MONDO_0005346,gallstones,Gallstones,876,snpnet,PGP000244,35324888,https://ftp.ebi.ac.uk/pub/databases/spot/pgs/scores/PGS001256/ScoringFiles/PGS001256.txt.gz,data/pgs/scoring_files/PGS001256.txt.gz
PGS001255,GBE_HC914,MONDO_0005349,otosclerosis,Otosclerosis (time-to-event),213,snpnet,PGP000244,35324888,https://ftp.ebi.ac.uk/pub/databases/spot/pgs/scores/PGS001255/ScoringFiles/PGS001255.txt.gz,data/pgs/scoring_files/PGS001255.txt.gz
PGS000753,PRS29_AAA,MONDO_0005350,abdominal aortic aneurysm,Abdominal aortic aneurysm,29,Pruning and Thresholding (P+T),PGP000159,32981348,https://ftp.ebi.ac.uk/pub/databases/spot/pgs/scores/PGS000753/ScoringFiles/PGS000753.txt.gz,data/pgs/scoring_files/PGS000753.txt.gz
PGS005264,graves_disease_mixed_pt,MONDO_0005364,Graves disease,Graves' disease,112,Pruning and Thresholding (P+T),PGP000748,,https://ftp.ebi.ac.uk/pub/databases/spot/pgs/scores/PGS005264/ScoringFiles/PGS005264.txt.gz,data/pgs/scoring_files/PGS005264.txt.gz
PGS001253,GBE_BIN_FC1002247,MONDO_0005365,hearing loss disorder,Hearing difficulty,3098,snpnet,PGP000244,35324888,https://ftp.ebi.ac.uk/pub/databases/spot/pgs/scores/PGS001253/ScoringFiles/PGS001253.txt.gz,data/pgs/scoring_files/PGS001253.txt.gz
PGS002291,PRS12_NPC,MONDO_0005375,nasopharyngeal neoplasm,Nasopharyngeal carcinoma,12,Genome-wide significant variants,PGP000320,35414057,https://ftp.ebi.ac.uk/pub/databases/spot/pgs/scores/PGS002291/ScoringFiles/PGS002291.txt.gz,data/pgs/scoring_files/PGS002291.txt.gz
PGS003354,SSNS-GRS,MONDO_0005377,nephrotic syndrome,Childhood steroid-sensitive nephrotic syndrome,5,Genome-wide significant SNPs,PGP000407,36357634,https://ftp.ebi.ac.uk/pub/databases/spot/pgs/scores/PGS003354/ScoringFiles/PGS003354.txt.gz,data/pgs/scoring_files/PGS003354.txt.gz
PGS001847,portability-PLR_459.9,MONDO_0005385,vascular disorder,Circulatory disease NEC,594,Penalized regression (bigstatsr),PGP000263,34995502,https://ftp.ebi.ac.uk/pub/databases/spot/pgs/scores/PGS001847/ScoringFiles/PGS001847.txt.gz,data/pgs/scoring_files/PGS001847.txt.gz
PGS005158,PRS19_PAD,MONDO_0005386,peripheral arterial disease,Peripheral artery disease,19,Genome-wide significant SNPs,PGP000705,38181303,https://ftp.ebi.ac.uk/pub/databases/spot/pgs/scores/PGS005158/ScoringFiles/PGS005158.txt.gz,data/pgs/scoring_files/PGS005158.txt.gz
PGS004222,GRS13_gout,MONDO_0005393,gout,Gout,13,Genome-wide significant SNPs,PGP000522,37244070,https://ftp.ebi.ac.uk/pub/databases/spot/pgs/scores/PGS004222/ScoringFiles/PGS004222.txt.gz,data/pgs/scoring_files/PGS004222.txt.gz
PGS018645,TPMI_240_Lassosum2,MONDO_0005397,goiter,Simple and unspecified goiter,390,Lassosum2,PGP000835,41094136,https://ftp.ebi.ac.uk/pub/databases/spot/pgs/scores/PGS018645/ScoringFiles/PGS018645.txt.gz,data/pgs/scoring_files/PGS018645.txt.gz
PGS002794,PRS_VTE,MONDO_0005399,venous thromboembolism,Venous thromboembolism,10,Genome-wide significant SNPs,PGP000375,36111372,https://ftp.ebi.ac.uk/pub/databases/spot/pgs/scores/PGS002794/ScoringFiles/PGS002794.txt.gz,data/pgs/scoring_files/PGS002794.txt.gz
PGS000645,PRSWEB_PHECODE204.1_C-LYMPHOID-LEUKAEMIA_PT_MGI_20200608,MONDO_0005402,lymphoid leukemia,Lymphoid leukemia,6,Pruning and Thresholding (P+T),PGP000118,32991828,https://ftp.ebi.ac.uk/pub/databases/spot/pgs/scores/PGS000645/ScoringFiles/PGS000645.txt.gz,data/pgs/scoring_files/PGS000645.txt.gz
PGS002248,PRSice_asthma,MONDO_0005405,childhood onset asthma,Childhood asthma,105,PRSice (C+T),PGP000275,35055391,https://ftp.ebi.ac.uk/pub/databases/spot/pgs/scores/PGS002248/ScoringFiles/PGS002248.txt.gz,data/pgs/scoring_files/PGS002248.txt.gz
PGS002256,GRS4_GDM,MONDO_0005406,gestational diabetes,Gestational diabetes mellitus in early pregnancy,4,Genome-wide significant variants,PGP000282,35073990,https://ftp.ebi.ac.uk/pub/databases/spot/pgs/scores/PGS002256/ScoringFiles/PGS002256.txt.gz,data/pgs/scoring_files/PGS002256.txt.gz
PGS019335,TPMI_531.3_Lassosum2,MONDO_0005412,duodenal ulcer,Duodenal ulcer,19,Lassosum2,PGP000835,41094136,https://ftp.ebi.ac.uk/pub/databases/spot/pgs/scores/PGS019335/ScoringFiles/PGS019335.txt.gz,data/pgs/scoring_files/PGS019335.txt.gz
PGS002729,PRS_knee,MONDO_0005416,osteoarthritis,Knee osteoarthritis,24,Genome-wide significant variants,PGP000336,35644035,https://ftp.ebi.ac.uk/pub/databases/spot/pgs/scores/PGS002729/ScoringFiles/PGS002729.txt.gz,data/pgs/scoring_files/PGS002729.txt.gz
PGS000759,hypoT,MONDO_0005420,hypothyroidism,Hypothyroidism,140,GCTA-COJO forward selection highest PPA variants,PGP000164,34099659,https://ftp.ebi.ac.uk/pub/databases/spot/pgs/scores/PGS000759/ScoringFiles/PGS000759.txt.gz,data/pgs/scoring_files/PGS000759.txt.gz
PGS000965,GBE_HC219,MONDO_0005420|MONDO_0009718,hypothyroidism|myxedema,Hypothyroidism/myxoedema,4535,snpnet,PGP000244,35324888,https://ftp.ebi.ac.uk/pub/databases/spot/pgs/scores/PGS000965/ScoringFiles/PGS000965.txt.gz,data/pgs/scoring_files/PGS000965.txt.gz
PGS000596,PRSWEB_PHECODE187.2_20001-1045_PT_MGI_20200608,MONDO_0005447,testicular cancer,Malignant neoplasm of testis,5,Pruning and Thresholding (P+T),PGP000118,32991828,https://ftp.ebi.ac.uk/pub/databases/spot/pgs/scores/PGS000596/ScoringFiles/PGS000596.txt.gz,data/pgs/scoring_files/PGS000596.txt.gz
PGS000086,CC_Testis,MONDO_0005447|MONDO_0010108,testicular cancer|testicular germ cell tumor,Testicular cancer,52,Genome-wide significant variants,PGP000050,33579919,https://ftp.ebi.ac.uk/pub/databases/spot/pgs/scores/PGS000086/ScoringFiles/PGS000086.txt.gz,data/pgs/scoring_files/PGS000086.txt.gz
PGS004890,CC-GWAS_PRS,MONDO_0005494,triple-negative breast carcinoma,Triple negative breast cancer versus luminal breast cancer,25,Genome-wide significant SNPs and additional ones with suggestive associations,PGP000620,38832928,https://ftp.ebi.ac.uk/pub/databases/spot/pgs/scores/PGS004890/ScoringFiles/PGS004890.txt.gz,data/pgs/scoring_files/PGS004890.txt.gz
PGS000357,PRSWEB_PHECODE145_C3-LIP-ORAL-PHARYNX_PT_MGI_20200608,MONDO_0005515,oral cavity cancer,Oral cavity cancer,45,Pruning and Thresholding (P+T),PGP000118,32991828,https://ftp.ebi.ac.uk/pub/databases/spot/pgs/scores/PGS000357/ScoringFiles/PGS000357.txt.gz,data/pgs/scoring_files/PGS000357.txt.gz
PGS000081,CC_Oral,MONDO_0005515|MONDO_0005517,oral cavity cancer|pharynx cancer,Oral cavity and pharyngeal cancers,14,Genome-wide significant variants,PGP000050,33579919,https://ftp.ebi.ac.uk/pub/databases/spot/pgs/scores/PGS000081/ScoringFiles/PGS000081.txt.gz,data/pgs/scoring_files/PGS000081.txt.gz
PGS019717,TPMI_729.1_Lassosum2,MONDO_0005554,rheumatic disorder,Rheumatism unspecified and fibrositis,1097,Lassosum2,PGP000835,41094136,https://ftp.ebi.ac.uk/pub/databases/spot/pgs/scores/PGS019717/ScoringFiles/PGS019717.txt.gz,data/pgs/scoring_files/PGS019717.txt.gz
PGS001136,GBE_HC413,MONDO_0005570,hematologic disorder,"Hematologic disease, genetic",30,snpnet,PGP000244,35324888,https://ftp.ebi.ac.uk/pub/databases/spot/pgs/scores/PGS001136/ScoringFiles/PGS001136.txt.gz,data/pgs/scoring_files/PGS001136.txt.gz
PGS000151,SC_GRS,MONDO_0005575,colorectal cancer,Colorectal cancer,14,Genome-wide significant variants,PGP000074,29908285,https://ftp.ebi.ac.uk/pub/databases/spot/pgs/scores/PGS000151/ScoringFiles/PGS000151.txt.gz,data/pgs/scoring_files/PGS000151.txt.gz
PGS001135,GBE_HC78,MONDO_0005578,arthritic joint disease,Arthritis (nos),1028,snpnet,PGP000244,35324888,https://ftp.ebi.ac.uk/pub/databases/spot/pgs/scores/PGS001135/ScoringFiles/PGS001135.txt.gz,data/pgs/scoring_files/PGS001135.txt.gz
PGS001131,GBE_HC530,MONDO_0005609,herpes zoster,Zoster [herpes zoster] (time-to-event),82,snpnet,PGP000244,35324888,https://ftp.ebi.ac.uk/pub/databases/spot/pgs/scores/PGS001131/ScoringFiles/PGS001131.txt.gz,data/pgs/scoring_files/PGS001131.txt.gz
PGS001369,GBE_HC1090,MONDO_0005649,appendicitis,Acute appendicitis (time-to-event),4,snpnet,PGP000244,35324888,https://ftp.ebi.ac.uk/pub/databases/spot/pgs/scores/PGS001369/ScoringFiles/PGS001369.txt.gz,data/pgs/scoring_files/PGS001369.txt.gz
PGS000593,PRSWEB_PHECODE187_C3-MALE-GENITAL_P_5e-08_MGI_20200608,MONDO_0005836,male reproductive organ cancer,Cancer of other male genital organs,45,GWAS Hits,PGP000118,32991828,https://ftp.ebi.ac.uk/pub/databases/spot/pgs/scores/PGS000593/ScoringFiles/PGS000593.txt.gz,data/pgs/scoring_files/PGS000593.txt.gz
PGS003414,PRS47_RBD,MONDO_0005937,REM sleep behavior disorder,REM sleep behavior disorder,47,PRSice-2,PGP000427,36470867,https://ftp.ebi.ac.uk/pub/databases/spot/pgs/scores/PGS003414/ScoringFiles/PGS003414.txt.gz,data/pgs/scoring_files/PGS003414.txt.gz
PGS003740,PRS16_CU,MONDO_0006003,uterine corpus cancer,Corpus Uteri,16,Genome-wide significant SNPs,PGP000470,36739632,https://ftp.ebi.ac.uk/pub/databases/spot/pgs/scores/PGS003740/ScoringFiles/PGS003740.txt.gz,data/pgs/scoring_files/PGS003740.txt.gz
PGS001109,GBE_HC1021,MONDO_0006004|MONDO_0011786,vasomotor rhinitis|allergic rhinitis,Vasomotor and allergic rhinitis (time-to-event),1910,snpnet,PGP000244,35324888,https://ftp.ebi.ac.uk/pub/databases/spot/pgs/scores/PGS001109/ScoringFiles/PGS001109.txt.gz,data/pgs/scoring_files/PGS001109.txt.gz
PGS018419,TPMI_070_Lassosum2,MONDO_0006011,viral hepatitis,Viral hepatitis,1584,Lassosum2,PGP000835,41094136,https://ftp.ebi.ac.uk/pub/databases/spot/pgs/scores/PGS018419/ScoringFiles/PGS018419.txt.gz,data/pgs/scoring_files/PGS018419.txt.gz
PGS019270,TPMI_475_Lassosum2,MONDO_0006031,chronic rhinosinusitis,Chronic sinusitis,16,Lassosum2,PGP000835,41094136,https://ftp.ebi.ac.uk/pub/databases/spot/pgs/scores/PGS019270/ScoringFiles/PGS019270.txt.gz,data/pgs/scoring_files/PGS019270.txt.gz
PGS018635,TPMI_226_Lassosum2,MONDO_0006107,benign thyroid gland neoplasm,Benign neoplasm of thyroid glands,90,Lassosum2,PGP000835,41094136,https://ftp.ebi.ac.uk/pub/databases/spot/pgs/scores/PGS018635/ScoringFiles/PGS018635.txt.gz,data/pgs/scoring_files/PGS018635.txt.gz
PGS004320,PRS16_UGI,MONDO_0006181,digestive system carcinoma,Upper gastrointestinal cancer,16,Genome-wide significant SNPs,PGP000551,36986074,https://ftp.ebi.ac.uk/pub/databases/spot/pgs/scores/PGS004320/ScoringFiles/PGS004320.txt.gz,data/pgs/scoring_files/PGS004320.txt.gz
PGS000215,PRS330_HER2,MONDO_0006244,HER2 positive breast carcinoma,Breast cancer intrinsic-like subtype (HER2-enriched-like),330,Fixed-effects two-stage polytomous model,PGP000088,32424353,https://ftp.ebi.ac.uk/pub/databases/spot/pgs/scores/PGS000215/ScoringFiles/PGS000215.txt.gz,data/pgs/scoring_files/PGS000215.txt.gz
PGS005105,PRSAFR_ER+,MONDO_0006512,estrogen-receptor positive breast cancer,ER-positive breast cancer,44,Genome-wide significant SNPs,PGP000694,38741014,https://ftp.ebi.ac.uk/pub/databases/spot/pgs/scores/PGS005105/ScoringFiles/PGS005105.txt.gz,data/pgs/scoring_files/PGS005105.txt.gz
PGS005106,PRSAFR_ER−,MONDO_0006513,estrogen-receptor negative breast cancer,ER-negative breast cancer,24,Genome-wide significant SNPs,PGP000694,38741014,https://ftp.ebi.ac.uk/pub/databases/spot/pgs/scores/PGS005106/ScoringFiles/PGS005106.txt.gz,data/pgs/scoring_files/PGS005106.txt.gz
PGS001872,portability-PLR_697,MONDO_0006611,skin sarcoidosis,Sarcoidosis,79,Penalized regression (bigstatsr),PGP000263,34995502,https://ftp.ebi.ac.uk/pub/databases/spot/pgs/scores/PGS001872/ScoringFiles/PGS001872.txt.gz,data/pgs/scoring_files/PGS001872.txt.gz
PGS018734,TPMI_250.6_Lassosum2,MONDO_0006626,diabetic neuropathy,Polyneuropathy in diabetes,669,Lassosum2,PGP000835,41094136,https://ftp.ebi.ac.uk/pub/databases/spot/pgs/scores/PGS018734/ScoringFiles/PGS018734.txt.gz,data/pgs/scoring_files/PGS018734.txt.gz
PGS002728,PRS_hip,MONDO_0006629,osteoarthritis,Hip osteoarthritis,44,Genome-wide significant variants,PGP000336,35644035,https://ftp.ebi.ac.uk/pub/databases/spot/pgs/scores/PGS002728/ScoringFiles/PGS002728.txt.gz,data/pgs/scoring_files/PGS002728.txt.gz
PGS001777,3-SNP_cirr,MONDO_0006644,alcoholic liver cirrhosis,Cirrhosis (alcohol related),3,Variants associated with alcohol related cirrhosis,PGP000258,34656649,https://ftp.ebi.ac.uk/pub/databases/spot/pgs/scores/PGS001777/ScoringFiles/PGS001777.txt.gz,data/pgs/scoring_files/PGS001777.txt.gz
PGS000966,GBE_HC26,MONDO_0006814,iritis,Iritis,1,snpnet,PGP000244,35324888,https://ftp.ebi.ac.uk/pub/databases/spot/pgs/scores/PGS000966/ScoringFiles/PGS000966.txt.gz,data/pgs/scoring_files/PGS000966.txt.gz
PGS019682,TPMI_716.1_Lassosum2,MONDO_0006816,arthropathy,Unspecified polyarthropathy or polyarthritis,5,Lassosum2,PGP000835,41094136,https://ftp.ebi.ac.uk/pub/databases/spot/pgs/scores/PGS019682/ScoringFiles/PGS019682.txt.gz,data/pgs/scoring_files/PGS019682.txt.gz
PGS001868,portability-PLR_654.2,MONDO_0006953,Rh isoimmunization,Rhesus isoimmunization in pregnancy,30,Penalized regression (bigstatsr),PGP000263,34995502,https://ftp.ebi.ac.uk/pub/databases/spot/pgs/scores/PGS001868/ScoringFiles/PGS001868.txt.gz,data/pgs/scoring_files/PGS001868.txt.gz
PGS001250,GBE_HC1304,MONDO_0007009|MONDO_0008171,ureterolithiasis|nephrolithiasis,Calculus of kidney and ureter (time-to-event),341,snpnet,PGP000244,35324888,https://ftp.ebi.ac.uk/pub/databases/spot/pgs/scores/PGS001250/ScoringFiles/PGS001250.txt.gz,data/pgs/scoring_files/PGS001250.txt.gz
PGS018961,TPMI_317.1_Lassosum2,MONDO_0007079,alcohol dependence,Alcoholism,15,Lassosum2,PGP000835,41094136,https://ftp.ebi.ac.uk/pub/databases/spot/pgs/scores/PGS018961/ScoringFiles/PGS018961.txt.gz,data/pgs/scoring_files/PGS018961.txt.gz
PGS003858,GRS6_BMIadj,MONDO_0007147,obstructive sleep apnea syndrome,Obstructive sleep apnea (BMI adjusted),6,Genome-wide significant SNPs,PGP000496,36989840,https://ftp.ebi.ac.uk/pub/databases/spot/pgs/scores/PGS003858/ScoringFiles/PGS003858.txt.gz,data/pgs/scoring_files/PGS003858.txt.gz
PGS002580,disease_AID_ALL.P+T.5e-08,MONDO_0007179,autoimmune disease,Autoimmune disease,206,Pruning and Thresholding (P+T),PGP000332,35393596,https://ftp.ebi.ac.uk/pub/databases/spot/pgs/scores/PGS002580/ScoringFiles/PGS002580.txt.gz,data/pgs/scoring_files/PGS002580.txt.gz
PGS018530,TPMI_174.1_Lassosum2,MONDO_0007254,breast cancer,Breast cancer female,3475,Lassosum2,PGP000835,41094136,https://ftp.ebi.ac.uk/pub/databases/spot/pgs/scores/PGS018530/ScoringFiles/PGS018530.txt.gz,data/pgs/scoring_files/PGS018530.txt.gz
PGS018816,TPMI_274_Lassosum2,MONDO_0007319,chondrocalcinosis 2,Gout and other crystal arthropathies,7370,Lassosum2,PGP000835,41094136,https://ftp.ebi.ac.uk/pub/databases/spot/pgs/scores/PGS018816/ScoringFiles/PGS018816.txt.gz,data/pgs/scoring_files/PGS018816.txt.gz
PGS018475,TPMI_150_Lassosum2,MONDO_0007576,esophageal cancer,Esophageal cancer,5,Lassosum2,PGP000835,41094136,https://ftp.ebi.ac.uk/pub/databases/spot/pgs/scores/PGS018475/ScoringFiles/PGS018475.txt.gz,data/pgs/scoring_files/PGS018475.txt.gz
PGS019395,TPMI_575.6_Lassosum2,MONDO_0007642,isolated agenesis of gallbladder,Cholesterolosis of gallbladder,94,Lassosum2,PGP000835,41094136,https://ftp.ebi.ac.uk/pub/databases/spot/pgs/scores/PGS019395/ScoringFiles/PGS019395.txt.gz,data/pgs/scoring_files/PGS019395.txt.gz
PGS005270,lymphocytic_thyroiditis_mixed_pt,MONDO_0007699,Hashimoto thyroiditis,Lymphocytic thyroiditis,55,Pruning and Thresholding (P+T),PGP000748,,https://ftp.ebi.ac.uk/pub/databases/spot/pgs/scores/PGS005270/ScoringFiles/PGS005270.txt.gz,data/pgs/scoring_files/PGS005270.txt.gz
PGS001032,GBE_HC31,MONDO_0007886,uterine corpus leiomyoma,Uterine fibroids,161,snpnet,PGP000244,35324888,https://ftp.ebi.ac.uk/pub/databases/spot/pgs/scores/PGS001032/ScoringFiles/PGS001032.txt.gz,data/pgs/scoring_files/PGS001032.txt.gz
PGS003757,wGRS_SLE_HLA,MONDO_0007915,systemic lupus erythematosus,Systemic lupus erythematosus,10,HLA-DRB1 specific haplotypes,PGP000475,37011055,https://ftp.ebi.ac.uk/pub/databases/spot/pgs/scores/PGS003757/ScoringFiles/PGS003757.txt.gz,data/pgs/scoring_files/PGS003757.txt.gz
PGS003418,PRState_Eur,MONDO_0008315,prostate cancer,Prostate cancer,7,Genome-wide significant SNPs,PGP000430,36494783,https://ftp.ebi.ac.uk/pub/databases/spot/pgs/scores/PGS003418/ScoringFiles/PGS003418.txt.gz,data/pgs/scoring_files/PGS003418.txt.gz
PGS001137,GBE_HC302,MONDO_0008375,retinal detachment,Retinal detachment,321,snpnet,PGP000244,35324888,https://ftp.ebi.ac.uk/pub/databases/spot/pgs/scores/PGS001137/ScoringFiles/PGS001137.txt.gz,data/pgs/scoring_files/PGS001137.txt.gz
PGS001311,GBE_HC1211,MONDO_0008383,rheumatoid arthritis,Seropositive rheumatoid arthritis (time-to-event),3,snpnet,PGP000244,35324888,https://ftp.ebi.ac.uk/pub/databases/spot/pgs/scores/PGS001311/ScoringFiles/PGS001311.txt.gz,data/pgs/scoring_files/PGS001311.txt.gz
PGS001140,GBE_HC1190,MONDO_0008420,seborrheic keratosis,Seborrheic keratosis (time-to-event),1368,snpnet,PGP000244,35324888,https://ftp.ebi.ac.uk/pub/databases/spot/pgs/scores/PGS001140/ScoringFiles/PGS001140.txt.gz,data/pgs/scoring_files/PGS001140.txt.gz
PGS000760,VIT,MONDO_0008661,vitiligo,Vitiligo,42,GCTA-COJO forward selection highest PPA variants,PGP000164,34099659,https://ftp.ebi.ac.uk/pub/databases/spot/pgs/scores/PGS000760/ScoringFiles/PGS000760.txt.gz,data/pgs/scoring_files/PGS000760.txt.gz
PGS018806,TPMI_272.12_Lassosum2,MONDO_0009387,familial lipoprotein lipase deficiency,Hyperglyceridemia,26,Lassosum2,PGP000835,41094136,https://ftp.ebi.ac.uk/pub/databases/spot/pgs/scores/PGS018806/ScoringFiles/PGS018806.txt.gz,data/pgs/scoring_files/PGS018806.txt.gz
PGS000654,PRSWEB_PHECODE204.4_GWAS-Catalog-r2019-05-03-X204.4_PT_UKB_20200608,MONDO_0009693,plasma cell myeloma,Multiple myeloma,21,Pruning and Thresholding (P+T),PGP000118,32991828,https://ftp.ebi.ac.uk/pub/databases/spot/pgs/scores/PGS000654/ScoringFiles/PGS000654.txt.gz,data/pgs/scoring_files/PGS000654.txt.gz
PGS001810,portability-PLR_200.1,MONDO_0009891,acquired polycythemia vera,Polycythemia vera,67,Penalized regression (bigstatsr),PGP000263,34995502,https://ftp.ebi.ac.uk/pub/databases/spot/pgs/scores/PGS001810/ScoringFiles/PGS001810.txt.gz,data/pgs/scoring_files/PGS001810.txt.gz
PGS001308,GBE_HC321,MONDO_0010030,Sjogren syndrome,Sjogren's syndrome/sicca syndrome,7,snpnet,PGP000244,35324888,https://ftp.ebi.ac.uk/pub/databases/spot/pgs/scores/PGS001308/ScoringFiles/PGS001308.txt.gz,data/pgs/scoring_files/PGS001308.txt.gz
PGS001042,GBE_HC645,MONDO_0010138,thyrotoxicosis,Thyrotoxicosis [hyperthyroidism] (time-to-event),226,snpnet,PGP000244,35324888,https://ftp.ebi.ac.uk/pub/databases/spot/pgs/scores/PGS001042/ScoringFiles/PGS001042.txt.gz,data/pgs/scoring_files/PGS001042.txt.gz
PGS001338,GBE_HC1322,MONDO_0010811,benign prostatic hyperplasia,Hyperplasia of prostate (time-to-event),1223,snpnet,PGP000244,35324888,https://ftp.ebi.ac.uk/pub/databases/spot/pgs/scores/PGS001338/ScoringFiles/PGS001338.txt.gz,data/pgs/scoring_files/PGS001338.txt.gz
PGS003400,PRS97_obesity,MONDO_0011122,obesity disorder,Obesity,97,Genome-wide significant SNPs,PGP000416,36372681,https://ftp.ebi.ac.uk/pub/databases/spot/pgs/scores/PGS003400/ScoringFiles/PGS003400.txt.gz,data/pgs/scoring_files/PGS003400.txt.gz
PGS000114,GRS-JIA-20,MONDO_0011429,juvenile idiopathic arthritis,Juvenile Idiopathic Arthritis,26,SparSNP,PGP000052,32887683,https://ftp.ebi.ac.uk/pub/databases/spot/pgs/scores/PGS000114/ScoringFiles/PGS000114.txt.gz,data/pgs/scoring_files/PGS000114.txt.gz
PGS000343,wGRS_PsA_HLA,MONDO_0011849,psoriatic arthritis,Psoriatic arthritis,5,HLA-specific significant variants.,PGP000111,32462110,https://ftp.ebi.ac.uk/pub/databases/spot/pgs/scores/PGS000343/ScoringFiles/PGS000343.txt.gz,data/pgs/scoring_files/PGS000343.txt.gz
PGS002300,PRS19_endometrial,MONDO_0011962,endometrial cancer,Endometrial cancer,19,Genome-wide significant variants,PGP000328,32588423,https://ftp.ebi.ac.uk/pub/databases/spot/pgs/scores/PGS002300/ScoringFiles/PGS002300.txt.gz,data/pgs/scoring_files/PGS002300.txt.gz
PGS012582,PRS13_cholelithiasis,MONDO_0012672,cholelithiasis,Cholelithiasis,13,Pruning and Thresholding (P+T),PGP000816,38548025,https://ftp.ebi.ac.uk/pub/databases/spot/pgs/scores/PGS012582/ScoringFiles/PGS012582.txt.gz,data/pgs/scoring_files/PGS012582.txt.gz
PGS000872,PRS-5,MONDO_0013209,metabolic dysfunction-associated steatotic liver disease,Non-alcoholic fatty liver disease,5,4 variants from Dongiovanni et al (PGS000865),PGP000215,33248170,https://ftp.ebi.ac.uk/pub/databases/spot/pgs/scores/PGS000872/ScoringFiles/PGS000872.txt.gz,data/pgs/scoring_files/PGS000872.txt.gz
PGS003320,ExPRSweb_Insomnia_1160_PT_MGI_20211120,MONDO_0013600,insomnia,Insomnia,147,Pruning and Thresholding (P+T),PGP000393,36152628,https://ftp.ebi.ac.uk/pub/databases/spot/pgs/scores/PGS003320/ScoringFiles/PGS003320.txt.gz,data/pgs/scoring_files/PGS003320.txt.gz
PGS000633,PRSWEB_PHECODE193_GWAS-Catalog-r2019-05-03-X193_PT_UKB_20200608,MONDO_0015075,thyroid gland carcinoma,Thyroid cancer,5,Pruning and Thresholding (P+T),PGP000118,32991828,https://ftp.ebi.ac.uk/pub/databases/spot/pgs/scores/PGS000633/ScoringFiles/PGS000633.txt.gz,data/pgs/scoring_files/PGS000633.txt.gz
PGS004239,PRS14AAD,MONDO_0015129,chronic primary adrenal insufficiency,Autoimmune Addison's disease,14,PRSice-2,PGP000538,37151110,https://ftp.ebi.ac.uk/pub/databases/spot/pgs/scores/PGS004239/ScoringFiles/PGS004239.txt.gz,data/pgs/scoring_files/PGS004239.txt.gz
PGS000737,PRS_BrS,MONDO_0015263,Brugada syndrome,Brugada syndrome,3,Genome-wide significant variants,PGP000144,31504448,https://ftp.ebi.ac.uk/pub/databases/spot/pgs/scores/PGS000737/ScoringFiles/PGS000737.txt.gz,data/pgs/scoring_files/PGS000737.txt.gz
PGS002292,PRS36_KC,MONDO_0015486,keratoconus,Keratoconus,36,Genome-wide significant variants,PGP000321,35446358,https://ftp.ebi.ac.uk/pub/databases/spot/pgs/scores/PGS002292/ScoringFiles/PGS002292.txt.gz,data/pgs/scoring_files/PGS002292.txt.gz
PGS001826,portability-PLR_286.12,MONDO_0015722,congenital vitamin K-dependent coagulation factors deficiency,Congenital deficiency of other clotting factors (including factor VII),45,Penalized regression (bigstatsr),PGP000263,34995502,https://ftp.ebi.ac.uk/pub/databases/spot/pgs/scores/PGS001826/ScoringFiles/PGS001826.txt.gz,data/pgs/scoring_files/PGS001826.txt.gz
PGS001251,GBE_HC1052,MONDO_0015925,interstitial lung disease,Other interstitial pulmonary diseases (time-to-event),57,snpnet,PGP000244,35324888,https://ftp.ebi.ac.uk/pub/databases/spot/pgs/scores/PGS001251/ScoringFiles/PGS001251.txt.gz,data/pgs/scoring_files/PGS001251.txt.gz
PGS000757,GRS4_Nar,MONDO_0016158,narcolepsy-cataplexy syndrome,Narcolepsy,5,SNPs previously associated with narcolepsy reported in the chinese population,PGP000162,32175396,https://ftp.ebi.ac.uk/pub/databases/spot/pgs/scores/PGS000757/ScoringFiles/PGS000757.txt.gz,data/pgs/scoring_files/PGS000757.txt.gz
PGS001110,GBE_HC1209,MONDO_0017376,reactive arthritis,Reactive arthropathies (time-to-event),6,snpnet,PGP000244,35324888,https://ftp.ebi.ac.uk/pub/databases/spot/pgs/scores/PGS001110/ScoringFiles/PGS001110.txt.gz,data/pgs/scoring_files/PGS001110.txt.gz
PGS003451,PRS2_MZL,MONDO_0017604,marginal zone lymphoma,Marginal zone lymphoma,2,Genome-wide significant SNPs,PGP000448,36273105,https://ftp.ebi.ac.uk/pub/databases/spot/pgs/scores/PGS003451/ScoringFiles/PGS003451.txt.gz,data/pgs/scoring_files/PGS003451.txt.gz
PGS001835,portability-PLR_364.5,MONDO_0018102,corneal dystrophy,Corneal dystrophy,38,Penalized regression (bigstatsr),PGP000263,34995502,https://ftp.ebi.ac.uk/pub/databases/spot/pgs/scores/PGS001835/ScoringFiles/PGS001835.txt.gz,data/pgs/scoring_files/PGS001835.txt.gz
PGS003384,best_GBM,MONDO_0018177,glioblastoma,Glioblastoma,910,Pruning and Thresholding (P+T),PGP000413,36286845,https://ftp.ebi.ac.uk/pub/databases/spot/pgs/scores/PGS003384/ScoringFiles/PGS003384.txt.gz,data/pgs/scoring_files/PGS003384.txt.gz
PGS003454,PRS5_DLBCL,MONDO_0018905,diffuse large B-cell lymphoma,Diffuse large B-cell lymphoma,5,Genome-wide significant SNPs,PGP000448,36273105,https://ftp.ebi.ac.uk/pub/databases/spot/pgs/scores/PGS003454/ScoringFiles/PGS003454.txt.gz,data/pgs/scoring_files/PGS003454.txt.gz
PGS002304,PRS6_FL,MONDO_0018906,follicular lymphoma,Follicular lymphoma,6,Genome-wide significant variants,PGP000328,32588423,https://ftp.ebi.ac.uk/pub/databases/spot/pgs/scores/PGS002304/ScoringFiles/PGS002304.txt.gz,data/pgs/scoring_files/PGS002304.txt.gz
PGS000642,PRSWEB_PHECODE202.2_GWAS-Catalog-r2019-05-03-X202.2_PT_UKB_20200608,MONDO_0018908,non-Hodgkin lymphoma,Non-Hodgkin's lymphoma,10,Pruning and Thresholding (P+T),PGP000118,32991828,https://ftp.ebi.ac.uk/pub/databases/spot/pgs/scores/PGS000642/ScoringFiles/PGS000642.txt.gz,data/pgs/scoring_files/PGS000642.txt.gz
PGS005160,PRS-ESC,MONDO_0019086,carcinoma of esophagus,Esophageal cancer,11,Known susceptibility loci (genome-wide significant SNPs),PGP000711,40019942,https://ftp.ebi.ac.uk/pub/databases/spot/pgs/scores/PGS005160/ScoringFiles/PGS005160.txt.gz,data/pgs/scoring_files/PGS005160.txt.gz
PGS018839,TPMI_277.2_Lassosum2,MONDO_0019254,inborn disorder of purine or pyrimidine metabolism,Other disorders of purine and pyrimidine metabolism,89,Lassosum2,PGP000835,41094136,https://ftp.ebi.ac.uk/pub/databases/spot/pgs/scores/PGS018839/ScoringFiles/PGS018839.txt.gz,data/pgs/scoring_files/PGS018839.txt.gz
PGS000922,GBE_HC170,MONDO_0019338,sarcoidosis,Sarcoidosis,12,snpnet,PGP000244,35324888,https://ftp.ebi.ac.uk/pub/databases/spot/pgs/scores/PGS000922/ScoringFiles/PGS000922.txt.gz,data/pgs/scoring_files/PGS000922.txt.gz
PGS000326,GRS-JIA-RFN-20,MONDO_0019432,rheumatoid factor-negative juvenile idiopathic arthritis,Rheumatoid-factor-negative Polyarthritis (Juvenile Idiophatic Arthritis),12,SparSNP,PGP000052,32887683,https://ftp.ebi.ac.uk/pub/databases/spot/pgs/scores/PGS000326/ScoringFiles/PGS000326.txt.gz,data/pgs/scoring_files/PGS000326.txt.gz
PGS000325,GRS-JIA-Oli-20,MONDO_0019433,oligoarticular juvenile idiopathic arthritis,Oligoarthritis Juvenile Idiophatic Arthritis,21,SparSNP,PGP000052,32887683,https://ftp.ebi.ac.uk/pub/databases/spot/pgs/scores/PGS000325/ScoringFiles/PGS000325.txt.gz,data/pgs/scoring_files/PGS000325.txt.gz
PGS000324,GRS-JIA-ERA-20,MONDO_0019437,enthesitis-related juvenile idiopathic arthritis,Enthesitis-related Juvenile Idiophatic Arthritis,138,SparSNP,PGP000052,32887683,https://ftp.ebi.ac.uk/pub/databases/spot/pgs/scores/PGS000324/ScoringFiles/PGS000324.txt.gz,data/pgs/scoring_files/PGS000324.txt.gz
PGS001051,GBE_HC96,MONDO_0019735,polymyalgia rheumatica,Polymyalgia rheumatica,69,snpnet,PGP000244,35324888,https://ftp.ebi.ac.uk/pub/databases/spot/pgs/scores/PGS001051/ScoringFiles/PGS001051.txt.gz,data/pgs/scoring_files/PGS001051.txt.gz
PGS019061,TPMI_371.1_Lassosum2,MONDO_0020283,uveitis,Uveitis noninfectious or NOS,20,Lassosum2,PGP000835,41094136,https://ftp.ebi.ac.uk/pub/databases/spot/pgs/scores/PGS019061/ScoringFiles/PGS019061.txt.gz,data/pgs/scoring_files/PGS019061.txt.gz
PGS000450,PRSWEB_PHECODE172.21_20001-1073_PT_MGI_20200608,MONDO_0020804,basal cell carcinoma,Basal cell carcinoma,8,Pruning and Thresholding (P+T),PGP000118,32991828,https://ftp.ebi.ac.uk/pub/databases/spot/pgs/scores/PGS000450/ScoringFiles/PGS000450.txt.gz,data/pgs/scoring_files/PGS000450.txt.gz
PGS003742,PRS19_PC,MONDO_0021040,pancreatic neoplasm,Pancreatic cancer,19,Genome-wide significant SNPs,PGP000470,36739632,https://ftp.ebi.ac.uk/pub/databases/spot/pgs/scores/PGS003742/ScoringFiles/PGS003742.txt.gz,data/pgs/scoring_files/PGS003742.txt.gz
PGS000155,cGRS_Glioma,MONDO_0021042,glioma,Glioma,19,Pruning and Thresholding (P+T),PGP000075,30968590,https://ftp.ebi.ac.uk/pub/databases/spot/pgs/scores/PGS000155/ScoringFiles/PGS000155.txt.gz,data/pgs/scoring_files/PGS000155.txt.gz
PGS000781,GRS7_Glio,MONDO_0021042|MONDO_0021211,glioma|brain neoplasm,Glioma,5,Genome-wide significant variants,PGP000185,31792337,https://ftp.ebi.ac.uk/pub/databases/spot/pgs/scores/PGS000781/ScoringFiles/PGS000781.txt.gz,data/pgs/scoring_files/PGS000781.txt.gz
PGS000547,PRSWEB_PHECODE184.11_Phelan-EPOC_P_5e-08_UKB_20200608,MONDO_0021068,ovarian neoplasm,Malignant neoplasm of ovary,6,GWAS Hits,PGP000118,32991828,https://ftp.ebi.ac.uk/pub/databases/spot/pgs/scores/PGS000547/ScoringFiles/PGS000547.txt.gz,data/pgs/scoring_files/PGS000547.txt.gz
PGS019537,TPMI_611.3_Lassosum2,MONDO_0021100,breast neoplasm,Lump or mass in breast,7018,Lassosum2,PGP000835,41094136,https://ftp.ebi.ac.uk/pub/databases/spot/pgs/scores/PGS019537/ScoringFiles/PGS019537.txt.gz,data/pgs/scoring_files/PGS019537.txt.gz
PGS000926,GBE_QT_FC1001220,MONDO_0021107,narcolepsy,Daytime dozing / sleeping (narcolepsy),4194,snpnet,PGP000244,35324888,https://ftp.ebi.ac.uk/pub/databases/spot/pgs/scores/PGS000926/ScoringFiles/PGS000926.txt.gz,data/pgs/scoring_files/PGS000926.txt.gz
PGS000214,PRS330_LumB,MONDO_0021115,luminal B breast carcinoma,Breast cancer intrinsic-like subtype (luminal B-like),330,Fixed-effects two-stage polytomous model,PGP000088,32424353,https://ftp.ebi.ac.uk/pub/databases/spot/pgs/scores/PGS000214/ScoringFiles/PGS000214.txt.gz,data/pgs/scoring_files/PGS000214.txt.gz
PGS000212,PRS330_LumA,MONDO_0021116,luminal A breast carcinoma,Breast cancer intrinsic-like subtype (luminal A-like),330,Fixed-effects two-stage polytomous model,PGP000088,32424353,https://ftp.ebi.ac.uk/pub/databases/spot/pgs/scores/PGS000212/ScoringFiles/PGS000212.txt.gz,data/pgs/scoring_files/PGS000212.txt.gz
PGS001928,portability-PLR_headaches_for_3m,MONDO_0021146,headache disorder,Headaches for 3+ months,5709,Penalized regression (bigstatsr),PGP000263,34995502,https://ftp.ebi.ac.uk/pub/databases/spot/pgs/scores/PGS001928/ScoringFiles/PGS001928.txt.gz,data/pgs/scoring_files/PGS001928.txt.gz
PGS000543,PRSWEB_PHECODE184_C3-FEMALE-GENITAL_PT_MGI_20200608,MONDO_0021148,female reproductive system neoplasm,Cancer of other female genital organs,8,Pruning and Thresholding (P+T),PGP000118,32991828,https://ftp.ebi.ac.uk/pub/databases/spot/pgs/scores/PGS000543/ScoringFiles/PGS000543.txt.gz,data/pgs/scoring_files/PGS000543.txt.gz
PGS018811,TPMI_272.13_Lassosum2,MONDO_0021187,hyperlipidemia,Mixed hyperlipidemia,594,Lassosum2,PGP000835,41094136,https://ftp.ebi.ac.uk/pub/databases/spot/pgs/scores/PGS018811/ScoringFiles/PGS018811.txt.gz,data/pgs/scoring_files/PGS018811.txt.gz
PGS003737,PRS26_BrC,MONDO_0021211,brain neoplasm,Brain cancer,26,Genome-wide significant SNPs,PGP000470,36739632,https://ftp.ebi.ac.uk/pub/databases/spot/pgs/scores/PGS003737/ScoringFiles/PGS003737.txt.gz,data/pgs/scoring_files/PGS003737.txt.gz
PGS018470,TPMI_149.2_Lassosum2,MONDO_0021315,malignant tumor of nasopharynx,Cancer of nasopharynx,211,Lassosum2,PGP000835,41094136,https://ftp.ebi.ac.uk/pub/databases/spot/pgs/scores/PGS018470/ScoringFiles/PGS018470.txt.gz,data/pgs/scoring_files/PGS018470.txt.gz
PGS001859,portability-PLR_565.1,MONDO_0021398|MONDO_0060766,polyp of rectum|anal polyp,Anal and rectal polyp,789,Penalized regression (bigstatsr),PGP000263,34995502,https://ftp.ebi.ac.uk/pub/databases/spot/pgs/scores/PGS001859/ScoringFiles/PGS001859.txt.gz,data/pgs/scoring_files/PGS001859.txt.gz
PGS018956,TPMI_317_Lassosum2,MONDO_0021698,alcohol-related disorders,Alcohol related disorders,30,Lassosum2,PGP000835,41094136,https://ftp.ebi.ac.uk/pub/databases/spot/pgs/scores/PGS018956/ScoringFiles/PGS018956.txt.gz,data/pgs/scoring_files/PGS018956.txt.gz
PGS018550,TPMI_180.3_Lassosum2,MONDO_0022394,cervical intraepithelial neoplasia,Cervical intraepithelial neoplasia CIN Cervical dysplasia,21,Lassosum2,PGP000835,41094136,https://ftp.ebi.ac.uk/pub/databases/spot/pgs/scores/PGS018550/ScoringFiles/PGS018550.txt.gz,data/pgs/scoring_files/PGS018550.txt.gz
PGS003386,best_COADREAD,MONDO_0024331,colorectal carcinoma,Colorectal cancer,61,Pruning and Thresholding (P+T),PGP000413,36286845,https://ftp.ebi.ac.uk/pub/databases/spot/pgs/scores/PGS003386/ScoringFiles/PGS003386.txt.gz,data/pgs/scoring_files/PGS003386.txt.gz
PGS000925,GBE_HC1020,MONDO_0024355,respiratory tract infectious disorder,Unspecified acute lower respiratory infection (time-to-event),402,snpnet,PGP000244,35324888,https://ftp.ebi.ac.uk/pub/databases/spot/pgs/scores/PGS000925/ScoringFiles/PGS000925.txt.gz,data/pgs/scoring_files/PGS000925.txt.gz
PGS001824,portability-PLR_277.4,MONDO_0024431,bilirubin metabolism disease,Disorders of bilirubin excretion,22,Penalized regression (bigstatsr),PGP000263,34995502,https://ftp.ebi.ac.uk/pub/databases/spot/pgs/scores/PGS001824/ScoringFiles/PGS001824.txt.gz,data/pgs/scoring_files/PGS001824.txt.gz
PGS000924,GBE_HC702,MONDO_0024431|MONDO_0037821,bilirubin metabolism disease|porphyrin metabolism disease,Disorders of porphyrin and bilirubin metabolism (time-to-event),5,snpnet,PGP000244,35324888,https://ftp.ebi.ac.uk/pub/databases/spot/pgs/scores/PGS000924/ScoringFiles/PGS000924.txt.gz,data/pgs/scoring_files/PGS000924.txt.gz
PGS000962,GBE_HC942,MONDO_0024644,myocardial ischemia,Chronic ischaemic heart disease (time-to-event),2168,snpnet,PGP000244,35324888,https://ftp.ebi.ac.uk/pub/databases/spot/pgs/scores/PGS000962/ScoringFiles/PGS000962.txt.gz,data/pgs/scoring_files/PGS000962.txt.gz
PGS001864,portability-PLR_594,MONDO_0024647,urolithiasis,Urinary calculus,5599,Penalized regression (bigstatsr),PGP000263,34995502,https://ftp.ebi.ac.uk/pub/databases/spot/pgs/scores/PGS001864/ScoringFiles/PGS001864.txt.gz,data/pgs/scoring_files/PGS001864.txt.gz
PGS018600,TPMI_198.6_Lassosum2,MONDO_0024881,secondary malignant neoplasm,Secondary malignancy of bone,1,Lassosum2,PGP000835,41094136,https://ftp.ebi.ac.uk/pub/databases/spot/pgs/scores/PGS018600/ScoringFiles/PGS018600.txt.gz,data/pgs/scoring_files/PGS018600.txt.gz
PGS004324,PRS6314_PN,MONDO_0026045,prurigo nodularis,Prurigo nodularis,6314,Pruning and Thresholding (P+T),PGP000558,37245863,https://ftp.ebi.ac.uk/pub/databases/spot/pgs/scores/PGS004324/ScoringFiles/PGS004324.txt.gz,data/pgs/scoring_files/PGS004324.txt.gz
PGS000763,PRS_HAID,MONDO_0043765,presbycusis,Hearing aid use,4270,PRSice,PGP000165,32203203,https://ftp.ebi.ac.uk/pub/databases/spot/pgs/scores/PGS000763/ScoringFiles/PGS000763.txt.gz,data/pgs/scoring_files/PGS000763.txt.gz
PGS001853,portability-PLR_540,MONDO_0056798,disorder of appendix,Appendiceal conditions,19,Penalized regression (bigstatsr),PGP000263,34995502,https://ftp.ebi.ac.uk/pub/databases/spot/pgs/scores/PGS001853/ScoringFiles/PGS001853.txt.gz,data/pgs/scoring_files/PGS001853.txt.gz
PGS002272,GRS6_COVID,MONDO_0100096,COVID-19,COVID-19 infection,6,Genome-wide significant variants,PGP000302,35241825,https://ftp.ebi.ac.uk/pub/databases/spot/pgs/scores/PGS002272/ScoringFiles/PGS002272.txt.gz,data/pgs/scoring_files/PGS002272.txt.gz
PGS003452,PRS2_WM,MONDO_0100280,Waldenstrom macroglobulinemia,Waldenström macroglobulinemia,2,Genome-wide significant SNPs,PGP000448,36273105,https://ftp.ebi.ac.uk/pub/databases/spot/pgs/scores/PGS003452/ScoringFiles/PGS003452.txt.gz,data/pgs/scoring_files/PGS003452.txt.gz
PGS019473,TPMI_594_Lassosum2,OBA_0000173,urinary volume,Urinary calculus,2608,Lassosum2,PGP000835,41094136,https://ftp.ebi.ac.uk/pub/databases/spot/pgs/scores/PGS019473/ScoringFiles/PGS019473.txt.gz,data/pgs/scoring_files/PGS019473.txt.gz
PGS000989,GBE_INI30240,OBA_0002272,reticulocyte amount,Reticulocyte percentage,6251,snpnet,PGP000244,35324888,https://ftp.ebi.ac.uk/pub/databases/spot/pgs/scores/PGS000989/ScoringFiles/PGS000989.txt.gz,data/pgs/scoring_files/PGS000989.txt.gz
PGS001097,GBE_BIN_FC6001747,OBA_0002313,strand of hair color,"Hair color, other",21,snpnet,PGP000244,35324888,https://ftp.ebi.ac.uk/pub/databases/spot/pgs/scores/PGS001097/ScoringFiles/PGS001097.txt.gz,data/pgs/scoring_files/PGS001097.txt.gz
PGS000179,mpv,OBA_0003277,platelet volume,Mean platelet volume,654,Genome-wide significant variants,PGP000078,32888494,https://ftp.ebi.ac.uk/pub/databases/spot/pgs/scores/PGS000179/ScoringFiles/PGS000179.txt.gz,data/pgs/scoring_files/PGS000179.txt.gz
PGS000176,mcv,OBA_0003460,erythrocyte volume,Mean corpuscular volume,685,Genome-wide significant variants,PGP000078,32888494,https://ftp.ebi.ac.uk/pub/databases/spot/pgs/scores/PGS000176/ScoringFiles/PGS000176.txt.gz,data/pgs/scoring_files/PGS000176.txt.gz
PGS005318,eGFR_PRS,OBA_0003747,glomerular filtration rate,eGFR,49,Genome-wide significant SNPs,PGP000766,38632276,https://ftp.ebi.ac.uk/pub/databases/spot/pgs/scores/PGS005318/ScoringFiles/PGS005318.txt.gz,data/pgs/scoring_files/PGS005318.txt.gz
PGS003250,ExPRSweb_Creatine_CKDGen-1000Genomes-DiscoveryMeta-eGFRcrea_PT_MGI_20211120,OBA_0003747|OBA_1001005,glomerular filtration rate|creatine level,Estimated glomerular filtration rate (Creatine),108,Pruning and Thresholding (P+T),PGP000393,36152628,https://ftp.ebi.ac.uk/pub/databases/spot/pgs/scores/PGS003250/ScoringFiles/PGS003250.txt.gz,data/pgs/scoring_files/PGS003250.txt.gz
PGS001072,GBE_BIN_FC20001757,OBA_0005494,aging rate,"Facial aging, looking 'older than you are'",39,snpnet,PGP000244,35324888,https://ftp.ebi.ac.uk/pub/databases/spot/pgs/scores/PGS001072/ScoringFiles/PGS001072.txt.gz,data/pgs/scoring_files/PGS001072.txt.gz
PGS000122,2018_BMD33_GRS.FN,OBA_1000110,bone tissue density,Bone mineral density (BMD),33,Weighted sum of risk alleles (with random forest selection),PGP000056,27649491,https://ftp.ebi.ac.uk/pub/databases/spot/pgs/scores/PGS000122/ScoringFiles/PGS000122.txt.gz,data/pgs/scoring_files/PGS000122.txt.gz
PGS002826,ExPRSweb_Alcohol_20403_PT_MGI_20211120,OBA_1000840,alcohol consumption quality,Alcohol consumption,19,Pruning and Thresholding (P+T),PGP000393,36152628,https://ftp.ebi.ac.uk/pub/databases/spot/pgs/scores/PGS002826/ScoringFiles/PGS002826.txt.gz,data/pgs/scoring_files/PGS002826.txt.gz
PGS003180,ExPRSweb_VitD_100021-raw_PT_MGI_20211120,OBA_1000968,vitamin D level,Vitamin D,5,Pruning and Thresholding (P+T),PGP000393,36152628,https://ftp.ebi.ac.uk/pub/databases/spot/pgs/scores/PGS003180/ScoringFiles/PGS003180.txt.gz,data/pgs/scoring_files/PGS003180.txt.gz
PGS012585,PRSTSH,OBA_1000983,Thyroid stimulating hormone level,Thyroid stimulating hormone levels,59,Genome wide significant SNPs,PGP000820,38919119,https://ftp.ebi.ac.uk/pub/databases/spot/pgs/scores/PGS012585/ScoringFiles/PGS012585.txt.gz,data/pgs/scoring_files/PGS012585.txt.gz
PGS003245,ExPRSweb_Creatine_30700-raw_PT_MGI_20211120,OBA_1001005,creatine level,Creatine,3503,Pruning and Thresholding (P+T),PGP000393,36152628,https://ftp.ebi.ac.uk/pub/databases/spot/pgs/scores/PGS003245/ScoringFiles/PGS003245.txt.gz,data/pgs/scoring_files/PGS003245.txt.gz
PGS004907,PRS31_FT4,OBA_1001010,thyroxine level,Free thyroxine concentration,31,Genome-wide significant SNPs,PGP000639,37530217,https://ftp.ebi.ac.uk/pub/databases/spot/pgs/scores/PGS004907/ScoringFiles/PGS004907.txt.gz,data/pgs/scoring_files/PGS004907.txt.gz
PGS001153,GBE_BIN_FC18006155,OBA_1001015,folic acid level,Folic acid or folate (Vitamin B9),5,snpnet,PGP000244,35324888,https://ftp.ebi.ac.uk/pub/databases/spot/pgs/scores/PGS001153/ScoringFiles/PGS001153.txt.gz,data/pgs/scoring_files/PGS001153.txt.gz
PGS019956,GRS91_WC,OBA_1001085,waist circumference,Waist circumference,91,Genome-Wide significant SNPs,PGP000846,38987751,https://ftp.ebi.ac.uk/pub/databases/spot/pgs/scores/PGS019956/ScoringFiles/PGS019956.txt.gz,data/pgs/scoring_files/PGS019956.txt.gz
PGS000828,WaistCircumference_PGS_F,OBA_1001085|PATO_0000383,waist circumference|female,Waist circumference (female),149,Pruning of FDR filtered SNPs,PGP000210,31048771,https://ftp.ebi.ac.uk/pub/databases/spot/pgs/scores/PGS000828/ScoringFiles/PGS000828.txt.gz,data/pgs/scoring_files/PGS000828.txt.gz
PGS000827,WaistCircumference_PGS_M,OBA_1001085|PATO_0000384,waist circumference|male,Waist circumference (male),113,Pruning of FDR filtered SNPs,PGP000210,31048771,https://ftp.ebi.ac.uk/pub/databases/spot/pgs/scores/PGS000827/ScoringFiles/PGS000827.txt.gz,data/pgs/scoring_files/PGS000827.txt.gz
PGS000736,PRS_QRS,OBA_1001086,QRS duration,QRS duration,26,Genome-wide significant variants,PGP000144,31504448,https://ftp.ebi.ac.uk/pub/databases/spot/pgs/scores/PGS000736/ScoringFiles/PGS000736.txt.gz,data/pgs/scoring_files/PGS000736.txt.gz
PGS000300,GRS80_HR,OBA_1001087,heart rate,Heart rate,80,GWAS-significant (lead and secondary) variants,PGP000092,32527150,https://ftp.ebi.ac.uk/pub/databases/spot/pgs/scores/PGS000300/ScoringFiles/PGS000300.txt.gz,data/pgs/scoring_files/PGS000300.txt.gz
PGS003764,PRS78_sleep duration,OBA_2040171,sleep duration trait,Sleep duration,78,Genome-wide significant SNPs,PGP000487,37384397,https://ftp.ebi.ac.uk/pub/databases/spot/pgs/scores/PGS003764/ScoringFiles/PGS003764.txt.gz,data/pgs/scoring_files/PGS003764.txt.gz
PGS001913,portability-PLR_F_length_menstrual_cycle,OBA_2045215,menstrual cycle attribute,Length of menstrual cycle,339,Penalized regression (bigstatsr),PGP000263,34995502,https://ftp.ebi.ac.uk/pub/databases/spot/pgs/scores/PGS001913/ScoringFiles/PGS001913.txt.gz,data/pgs/scoring_files/PGS001913.txt.gz
PGS001376,GBE_INI21044,OBA_2045221,bowel opening frequency,Average number of times bowels opened per day,845,snpnet,PGP000244,35324888,https://ftp.ebi.ac.uk/pub/databases/spot/pgs/scores/PGS001376/ScoringFiles/PGS001376.txt.gz,data/pgs/scoring_files/PGS001376.txt.gz
PGS000844,VAT_Mass,OBA_2045224,visceral adipose tissue quantity,Predicted visceral adipose tissue,518,Genome-wide significant variants,PGP000211,34737425,https://ftp.ebi.ac.uk/pub/databases/spot/pgs/scores/PGS000844/ScoringFiles/PGS000844.txt.gz,data/pgs/scoring_files/PGS000844.txt.gz
PGS003594,R_GC-ML-DG_body_trans_ancestry_meta_analysis,OBA_2045237,dentate gyrus volume,Right granule cell and molecular layer of the dentate gyrus body volume,12,PRSice,PGP000464,37337106,https://ftp.ebi.ac.uk/pub/databases/spot/pgs/scores/PGS003594/ScoringFiles/PGS003594.txt.gz,data/pgs/scoring_files/PGS003594.txt.gz
PGS003653,L_hippocampal_tail_UKBB_EUR_GWAS,OBA_2045244,hippocampal formation volume,Left hippocampal tail volume,19,PRSice,PGP000464,37337106,https://ftp.ebi.ac.uk/pub/databases/spot/pgs/scores/PGS003653/ScoringFiles/PGS003653.txt.gz,data/pgs/scoring_files/PGS003653.txt.gz
PGS003698,R_parasubiculum_CHIMGEN_EAS_GWAS,OBA_2050005,parasubiculum volume,Right parasubiculum volume,1050,PRSice,PGP000464,37337106,https://ftp.ebi.ac.uk/pub/databases/spot/pgs/scores/PGS003698/ScoringFiles/PGS003698.txt.gz,data/pgs/scoring_files/PGS003698.txt.gz
PGS019479,TPMI_594.1_Lassosum2,OBA_2050015,kidney volume,Calculus of kidney,2076,Lassosum2,PGP000835,41094136,https://ftp.ebi.ac.uk/pub/databases/spot/pgs/scores/PGS019479/ScoringFiles/PGS019479.txt.gz,data/pgs/scoring_files/PGS019479.txt.gz
PGS003717,R_subiculum_body_UKBB_EUR_GWAS,OBA_2050024,subiculum volume,Right subiculum body volume,15,PRSice,PGP000464,37337106,https://ftp.ebi.ac.uk/pub/databases/spot/pgs/scores/PGS003717/ScoringFiles/PGS003717.txt.gz,data/pgs/scoring_files/PGS003717.txt.gz
PGS003646,R_hippocampal_fissure_trans_ancestry_meta_analysis,OBA_2050043,hippocampal fissure volume,Right hippocampal fissure volume,3822,PRSice,PGP000464,37337106,https://ftp.ebi.ac.uk/pub/databases/spot/pgs/scores/PGS003646/ScoringFiles/PGS003646.txt.gz,data/pgs/scoring_files/PGS003646.txt.gz
PGS003705,R_presubiculum_head_UKBB_EUR_GWAS,OBA_2050049,presubiculum volume,Right presubiculum head volume,98,PRSice,PGP000464,37337106,https://ftp.ebi.ac.uk/pub/databases/spot/pgs/scores/PGS003705/ScoringFiles/PGS003705.txt.gz,data/pgs/scoring_files/PGS003705.txt.gz
PGS003686,L_molecular_layer_HP_body_UKBB_EUR_GWAS,OBA_2050050,hippocampus molecular layer volume,Left molecular layer hippocampus proper body volume,6,PRSice,PGP000464,37337106,https://ftp.ebi.ac.uk/pub/databases/spot/pgs/scores/PGS003686/ScoringFiles/PGS003686.txt.gz,data/pgs/scoring_files/PGS003686.txt.gz
PGS003342,CVGRS_ALT,OBA_2050062,serum alanine aminotransferase amount,Alanine aminotransferase level,51,Genome-wide significant SNPs,PGP000405,36333282,https://ftp.ebi.ac.uk/pub/databases/spot/pgs/scores/PGS003342/ScoringFiles/PGS003342.txt.gz,data/pgs/scoring_files/PGS003342.txt.gz
PGS000315,GRS7_lgE,OBA_2050084,serum IgE amount,Immunoglobulin E (IgE),7,GWAS-significant (lead and secondary) variants,PGP000092,32527150,https://ftp.ebi.ac.uk/pub/databases/spot/pgs/scores/PGS000315/ScoringFiles/PGS000315.txt.gz,data/pgs/scoring_files/PGS000315.txt.gz
PGS000693,snpnet.Potassium_in_urine,OBA_2050095,urine potassium amount,Potassium in urine [mmol/L],2423,snpnet,PGP000128,33462484,https://ftp.ebi.ac.uk/pub/databases/spot/pgs/scores/PGS000693/ScoringFiles/PGS000693.txt.gz,data/pgs/scoring_files/PGS000693.txt.gz
PGS001388,GBE_QT_FC10003476,OBA_2050116,smoking behavior trait,Difficulty not smoking for 1 day,1,snpnet,PGP000244,35324888,https://ftp.ebi.ac.uk/pub/databases/spot/pgs/scores/PGS001388/ScoringFiles/PGS001388.txt.gz,data/pgs/scoring_files/PGS001388.txt.gz
PGS002585,repro_ChildLess.P+T.5e-08,OBA_2050117,reproductive behavior trait,Childless,12,Pruning and Thresholding (P+T),PGP000332,35393596,https://ftp.ebi.ac.uk/pub/databases/spot/pgs/scores/PGS002585/ScoringFiles/PGS002585.txt.gz,data/pgs/scoring_files/PGS002585.txt.gz
PGS002295,GRS413_IGF-1,OBA_2050130,insulin-like protein level,Insulin growth-like factor-1 level,413,Genome-wide significant variants,PGP000325,35261807,https://ftp.ebi.ac.uk/pub/databases/spot/pgs/scores/PGS002295/ScoringFiles/PGS002295.txt.gz,data/pgs/scoring_files/PGS002295.txt.gz
PGS005107,PGS-PSA111,OBA_2050200,prostate specific antigen amount,Prostate-specific antigen (PSA) levels,111,Genome-wide significant SNPs,PGP000696,37865044,https://ftp.ebi.ac.uk/pub/databases/spot/pgs/scores/PGS005107/ScoringFiles/PGS005107.txt.gz,data/pgs/scoring_files/PGS005107.txt.gz
PGS002925,ExPRSweb_FPG_FGovertime-corrected_PT_MGI_20211120,OBA_VT0000188,blood glucose amount,Fasting plasma glucose,13,Pruning and Thresholding (P+T),PGP000393,36152628,https://ftp.ebi.ac.uk/pub/databases/spot/pgs/scores/PGS002925/ScoringFiles/PGS002925.txt.gz,data/pgs/scoring_files/PGS002925.txt.gz
PGS000191,wbc,OBA_VT0000217,leukocyte quantity,White blood cell count,636,Genome-wide significant variants,PGP000078,32888494,https://ftp.ebi.ac.uk/pub/databases/spot/pgs/scores/PGS000191/ScoringFiles/PGS000191.txt.gz,data/pgs/scoring_files/PGS000191.txt.gz
PGS001070,GBE_INI25003,OBA_VT0000254,cerebrospinal fluid amount,Volume of ventricular cerebrospinal fluid (normalised for head size),880,snpnet,PGP000244,35324888,https://ftp.ebi.ac.uk/pub/databases/spot/pgs/scores/PGS001070/ScoringFiles/PGS001070.txt.gz,data/pgs/scoring_files/PGS001070.txt.gz
PGS003837,height_AFR_CT,OBA_VT0001253,body height,Height,49,Clumping and Thresholding (C+T),PGP000489,37749244,https://ftp.ebi.ac.uk/pub/databases/spot/pgs/scores/PGS003837/ScoringFiles/PGS003837.txt.gz,data/pgs/scoring_files/PGS003837.txt.gz
PGS000307,GRS12_FI,OBA_VT0001560,blood insulin amount,Fasting insulin,12,GWAS-significant (lead and secondary) variants,PGP000092,32527150,https://ftp.ebi.ac.uk/pub/databases/spot/pgs/scores/PGS000307/ScoringFiles/PGS000307.txt.gz,data/pgs/scoring_files/PGS000307.txt.gz
PGS001772,GBE_INI23005,OBA_VT0002460,blood immunoglobulin amount,ZEBRA antigen for Epstein-Barr Virus,158,snpnet,PGP000244,35324888,https://ftp.ebi.ac.uk/pub/databases/spot/pgs/scores/PGS001772/ScoringFiles/PGS001772.txt.gz,data/pgs/scoring_files/PGS001772.txt.gz
PGS000871,IS_14,OBA_VT0003564,insulin secretion trait,Insulin secretion,14,Variants associated with type II diabetes previously classified as acting on insulin secretion,PGP000214,31697830,https://ftp.ebi.ac.uk/pub/databases/spot/pgs/scores/PGS000871/ScoringFiles/PGS000871.txt.gz,data/pgs/scoring_files/PGS000871.txt.gz
PGS019792,TPMI_BUN_Lassosum2,OBA_VT0005265,blood urea nitrogen amount,Blood urea nitrogen,7043,Lassosum2,PGP000835,41094136,https://ftp.ebi.ac.uk/pub/databases/spot/pgs/scores/PGS019792/ScoringFiles/PGS019792.txt.gz,data/pgs/scoring_files/PGS019792.txt.gz
PGS002795,PRS_longetivity,OBA_VT0005372,life span determination trait,Longevity (>90th survival percentile),4,Genome-wide significant SNPs,PGP000378,34091660,https://ftp.ebi.ac.uk/pub/databases/spot/pgs/scores/PGS002795/ScoringFiles/PGS002795.txt.gz,data/pgs/scoring_files/PGS002795.txt.gz
PGS001081,GBE_INI23027,OBA_VT0005416,blood protein amount,JC VP1 antigen for Human Polyomavirus JCV,9,snpnet,PGP000244,35324888,https://ftp.ebi.ac.uk/pub/databases/spot/pgs/scores/PGS001081/ScoringFiles/PGS001081.txt.gz,data/pgs/scoring_files/PGS001081.txt.gz
PGS012572,Omega_3_pct_PplusT,OBA_VT0010046,fatty acid amount,Omega-3 fatty acids to total fatty acids percentage,163,Pruning and Thresholding (P+T),PGP000809,42721579,https://ftp.ebi.ac.uk/pub/databases/spot/pgs/scores/PGS012572/ScoringFiles/PGS012572.txt.gz,data/pgs/scoring_files/PGS012572.txt.gz
